,magnitude,date_time,cdi,mmi,alert,tsunami,sig,net,nst,dmin,gap,magType,depth,latitude,longitude,year,month
0,6.5,2023-08-16 12:47:00,7,4,green,0,657,us,114,7.177,25.0,mww,192.955,-13.8814,167.158,2023,8
1,6.5,2023-07-19 00:22:00,8,6,yellow,0,775,us,92,0.679,40.0,mww,69.727,12.814,-88.1265,2023,7
2,6.6,2023-07-17 03:05:00,7,5,green,0,899,us,70,1.634,28.0,mww,171.371,-38.1911,-70.3731,2023,7
3,7.2,2023-07-16 06:48:00,6,6,green,1,860,us,173,0.907,36.0,mww,32.571,54.3844,-160.699,2023,7
4,7.3,2023-07-16 06:48:00,0,5,unknown,1,820,at,79,0.879451,172.8,Mi,21.0,54.49,-160.796,2023,7
5,6.6,2023-07-10 20:28:00,5,4,green,1,802,us,95,2.454,37.0,mww,10.0,20.0196,-61.0955,2023,7
6,6.9,2023-07-02 10:27:00,4,4,green,1,741,us,136,1.179,23.0,mww,229.0,-17.853,-174.937,2023,7
7,7.2,2023-06-15 18:06:00,8,6,green,1,804,us,85,2.59,24.0,mww,167.404,-22.9824,-177.208,2023,6
8,6.6,2023-05-25 03:05:00,6,6,green,1,733,us,50,2.163,129.0,mww,10.0,8.8894,-77.1231,2023,5
9,7.1,2023-05-20 01:51:00,3,4,green,1,777,us,98,2.812,56.0,mww,35.981,-23.0622,170.456,2023,5
10,7.7,2023-05-19 02:57:00,5,4,green,1,927,us,277,3.111,15.0,mww,18.027,-23.2286,170.694,2023,5
11,7.6,2023-05-10 16:02:00,8,6,green,1,907,us,111,3.631,17.0,mww,210.097,-15.6002,-174.608,2023,5
12,6.6,2023-04-28 03:13:00,0,2,green,0,670,us,52,5.123,50.0,mww,598.467,-25.2657,178.424,2023,4
13,7.1,2023-04-24 20:00:00,9,7,green,0,838,us,70,2.282,58.0,mww,15.462,-0.781,98.5339,2023,4
14,7.1,2023-04-24 00:41:00,8,7,green,1,777,us,126,0.708,23.0,mww,43.063,-30.0249,-177.897,2023,4
15,6.7,2023-04-18 04:31:00,0,3,green,1,691,us,166,4.719,10.0,mww,595.854,-22.2844,179.391,2023,4
16,7.0,2023-04-14 09:55:00,5,3,green,0,818,us,131,1.881,31.0,mww,594.028,-6.0255,112.033,2023,4
17,6.5,2023-04-03 03:06:00,7,6,yellow,1,655,us,104,0.266,30.0,mww,105.631,52.7772,158.484,2023,4
18,7.0,2023-04-02 18:04:00,7,7,green,1,781,us,105,6.45,31.0,mww,62.603,-4.2924,143.155,2023,4
19,6.5,2023-03-22 16:00:00,4,4,green,0,656,us,97,1.622,33.0,mww,209.976,-23.4797,-66.5108,2023,3
20,6.5,2023-03-21 16:47:00,7,5,green,0,1350,us,134,2.53,13.0,mww,187.589,36.5227,70.9787,2023,3
21,6.8,2023-03-18 17:12:00,9,7,orange,1,1159,us,152,0.709,28.0,mww,65.842,-2.851,-79.8001,2023,3
22,7.0,2023-03-16 00:56:00,8,5,green,1,756,us,116,1.789,22.0,mww,22.065,-30.1147,-176.112,2023,3
23,6.9,2023-03-04 06:41:00,5,5,green,1,735,us,108,0.784,18.0,mww,205.681,-29.4748,-178.787,2023,3
24,6.5,2023-03-02 18:04:00,7,6,green,1,653,us,66,5.483,45.0,mww,10.0,-15.3597,166.385,2023,3
25,6.5,2023-03-01 05:36:00,4,2,green,1,652,us,115,2.739,20.0,mww,598.925,-4.8138,149.487,2023,3
26,6.8,2023-02-23 00:37:00,9,7,green,0,737,us,128,1.783,20.0,mww,20.522,38.0726,73.2077,2023,2
27,7.5,2023-02-06 10:24:00,9,9,orange,0,1411,us,135,0.85,17.0,mww,10.0,38.0235,37.203,2023,2
28,6.7,2023-02-06 01:28:00,9,8,yellow,0,800,us,108,0.218,44.0,mww,14.497,37.4135,36.8306,2023,2
29,7.8,2023-02-06 01:17:00,9,9,red,0,2910,us,118,1.919,32.0,mww,17.925,37.2012,36.9997,2023,2
30,6.8,2023-01-20 22:09:00,4,3,green,0,718,us,60,5.129,61.0,mww,610.671,-26.7209,-63.0394,2023,1
31,7.0,2023-01-18 06:06:00,3,5,green,1,756,us,130,1.974,17.0,mwc,28.566,2.7401,127.051,2023,1
32,7.6,2023-01-09 17:47:00,5,7,green,0,957,us,114,1.575,21.0,mww,105.249,-7.0852,130.039,2023,1
33,7.0,2023-01-08 12:32:00,8,7,green,1,768,us,116,6.096,36.0,mww,29.0,-14.9383,166.878,2023,1
34,6.8,2022-12-04 19:24:00,5,5,green,1,720,us,152,2.587,26.0,mww,38.0,-15.3983,-172.968,2022,12
35,7.0,2022-11-22 02:03:00,8,7,green,1,768,us,117,0.509,17.0,mww,14.0,-9.7963,159.596,2022,11
36,6.9,2022-11-18 13:37:00,4,4,green,0,735,us,99,2.229,34.0,mww,25.0,-4.9559,100.738,2022,11
37,7.0,2022-11-12 07:09:00,3,3,green,1,755,us,147,3.125,18.0,mww,579.0,-20.0508,-178.346,2022,11
38,7.3,2022-11-11 10:48:00,5,5,green,1,833,us,149,1.865,21.0,mww,37.0,-19.2918,-172.129,2022,11
39,6.6,2022-11-09 10:14:00,0,2,green,1,670,us,131,4.998,27.0,mww,624.464,-25.5948,178.278,2022,11
40,7.0,2022-11-09 09:51:00,4,3,green,1,755,us,142,4.578,26.0,mwb,660.0,-26.0442,178.381,2022,11
41,6.8,2022-11-09 09:38:00,1,3,green,1,711,us,136,4.678,22.0,mww,630.379,-25.9678,178.363,2022,11
42,6.7,2022-10-20 11:57:00,7,6,green,1,797,us,145,1.151,37.0,mww,20.0,7.6712,-82.3396,2022,10
43,6.8,2022-09-22 06:16:00,8,7,yellow,1,1179,us,175,2.137,92.0,mww,20.0,18.33,-102.913,2022,9
44,7.6,2022-09-19 18:05:00,9,8,yellow,1,1799,us,271,1.153,69.0,mww,26.943,18.3667,-103.252,2022,9
45,6.9,2022-09-18 06:44:00,9,9,yellow,1,887,us,215,0.401,34.0,mww,10.0,23.1444,121.307,2022,9
46,6.5,2022-09-17 13:41:00,7,7,green,1,756,us,178,0.43,54.0,mww,10.0,23.029,121.348,2022,9
47,7.0,2022-09-14 11:04:00,7,5,green,1,761,us,192,2.977,45.0,mww,137.0,-21.2077,170.239,2022,9
48,7.6,2022-09-10 23:47:00,8,8,yellow,1,965,us,272,3.158,12.0,mww,116.0,-6.2237,146.471,2022,9
49,6.6,2022-09-05 04:52:00,9,8,orange,0,1043,us,141,8.454,34.0,mww,12.0,29.7263,102.279,2022,9
50,6.6,2022-08-14 13:44:00,7,6,green,1,672,us,68,5.293,34.0,mww,30.0,-32.6922,-178.959,2022,8
51,7.0,2022-07-27 00:43:00,9,8,yellow,1,1351,us,152,5.276,22.0,mww,33.729,17.5978,120.809,2022,7
52,6.5,2022-06-08 00:55:00,3,2,green,0,653,us,236,1.999,31.0,mww,622.73,-9.0618,-71.1647,2022,6
53,7.2,2022-05-26 12:02:00,7,5,green,1,876,us,144,2.494,40.0,mww,236.0,-14.8628,-70.3081,2022,5
54,6.9,2022-05-19 10:13:00,2,5,green,1,733,us,127,0.371,45.0,mww,10.0,-54.1325,159.027,2022,5
55,6.8,2022-05-10 23:06:00,6,5,green,1,762,us,162,1.505,30.0,mww,220.0,-23.6141,-66.7236,2022,5
56,6.6,2022-04-21 07:42:00,6,5,green,1,762,us,0,0.914,94.0,mww,27.0,11.5538,-86.9919,2022,4
57,7.0,2022-03-31 05:44:00,6,4,green,1,763,us,0,2.705,26.0,mww,10.0,-22.5732,170.349,2022,3
58,6.9,2022-03-30 20:56:00,6,4,green,1,738,us,0,2.697,42.0,mww,10.0,-22.72,170.277,2022,3
59,6.7,2022-03-22 17:41:00,8,7,green,1,806,us,0,0.289,32.0,mww,24.0,23.3421,121.636,2022,3
60,7.3,2022-03-16 14:36:00,9,8,red,1,2397,us,0,2.936,29.0,mww,41.0,37.7015,141.587,2022,3
61,6.7,2022-03-13 21:09:00,9,6,green,0,708,us,0,2.188,43.0,mww,28.0,-0.6831,98.6034,2022,3
62,6.6,2022-03-02 12:52:00,2,7,green,1,670,us,0,0.827,46.0,mww,24.0,-30.0528,-177.74,2022,3
63,6.8,2022-02-16 20:21:00,2,3,green,1,712,us,0,5.78,12.0,mww,535.0,-23.7852,-179.968,2022,2
64,6.5,2022-02-03 15:58:00,8,6,green,0,690,us,0,3.026,22.0,mww,110.0,-4.455,-76.9395,2022,2
65,6.5,2022-01-29 02:46:00,7,4,green,1,651,us,0,1.088,57.0,mww,8.0,-29.535,-176.729,2022,1
66,6.6,2022-01-14 09:05:00,8,6,green,0,785,us,0,2.418,22.0,mww,33.0,-6.9291,105.251,2022,1
67,6.5,2022-01-11 12:39:00,0,3,unknown,1,650,at,97,1.61607,108.0,Mi,37.0,52.502,-168.08,2022,1
68,6.5,2022-01-11 12:39:00,0,3,unknown,1,650,pt,23,0.0,208.8,Mi,37.0,52.502,-168.08,2022,1
69,6.6,2022-01-11 12:39:00,8,5,green,1,674,us,0,0.507,49.0,mww,19.0,52.6252,-168.15,2022,1
70,6.7,2022-01-11 11:35:00,0,4,unknown,1,691,at,50,0.936943,126.0,Mi,33.0,52.48,-167.736,2022,1
71,6.7,2022-01-11 11:35:00,0,4,unknown,1,691,pt,20,0.0,205.2,Mi,33.0,52.48,-167.736,2022,1
72,6.8,2022-01-11 11:35:00,7,6,green,1,730,us,0,0.92,61.0,mww,20.0,52.6563,-167.917,2022,1
73,6.6,2022-01-11 01:07:00,6,6,green,0,976,us,0,1.168,21.0,mww,21.0,35.1456,31.9095,2022,1
74,6.6,2022-01-07 17:45:00,9,8,orange,0,1012,us,0,2.685,13.0,mww,13.0,37.8167,101.299,2022,1
75,7.3,2021-12-29 18:25:00,8,7,green,0,921,us,0,3.713,19.0,mww,165.49,-7.5924,127.581,2021,12
76,7.3,2021-12-14 03:20:00,9,5,green,1,854,us,0,1.025,32.0,mww,14.27,-7.6033,122.2,2021,12
77,7.5,2021-11-28 10:52:00,8,8,yellow,1,1094,us,0,4.951,40.0,mww,126.0,-4.4898,-76.8461,2021,11
78,6.6,2021-11-10 15:45:00,7,4,green,1,688,us,0,3.259,15.0,mww,12.0,23.5414,126.48,2021,11
79,6.9,2021-10-11 09:10:00,8,6,green,1,995,ak,0,0.0,0.0,mww,51.6,56.2581,-156.492,2021,10
80,6.9,2021-10-09 10:58:00,4,3,green,1,740,us,0,4.778,31.0,mww,535.0,-21.1704,174.54,2021,10
81,7.3,2021-10-02 06:29:00,4,4,green,1,826,us,0,4.493,32.0,mww,527.0,-21.1036,174.895,2021,10
82,6.5,2021-09-22 09:57:00,7,5,green,1,684,us,0,0.993,114.0,mww,21.0,12.1598,-87.8542,2021,9
83,7.0,2021-09-08 01:47:00,8,8,red,1,2504,us,0,0.07,43.0,mww,20.0,16.9502,-99.7877,2021,9
84,7.1,2021-08-22 21:33:00,1,4,green,1,776,us,0,9.799,32.0,mww,6.0,-60.3026,-24.9992,2021,8
85,6.6,2021-08-22 00:45:00,1,3,green,1,670,us,0,8.865,19.0,mww,7.0,-60.1023,-24.4608,2021,8
86,6.9,2021-08-18 10:10:00,8,7,green,1,741,us,0,0.579,54.0,mww,93.0,-14.892,167.085,2021,8
87,6.9,2021-08-16 11:10:00,6,4,green,1,734,us,0,8.363,48.0,mww,16.7,-58.3814,-23.3318,2021,8
88,7.2,2021-08-14 12:29:00,9,8,red,1,2331,us,0,1.178,23.0,mww,10.0,18.3521,-73.4804,2021,8
89,6.9,2021-08-14 11:57:00,5,4,green,1,738,ak,0,0.0,0.0,mww,33.3,55.2364,-157.707,2021,8
90,6.9,2021-08-14 11:57:00,5,4,green,1,738,us,0,1.173,36.0,mww,20.74,55.2657,-157.68,2021,8
91,8.1,2021-08-12 18:35:00,0,7,green,0,1009,us,0,7.463,78.0,mww,22.79,-58.4157,-25.3206,2021,8
92,7.5,2021-08-12 18:32:00,9,6,green,1,868,us,0,7.227,38.0,mww,47.23,-57.5959,-25.1874,2021,8
93,7.1,2021-08-11 17:46:00,9,7,green,1,846,us,0,1.273,25.0,mww,55.14,6.4547,126.742,2021,8
94,8.2,2021-07-29 06:15:00,8,6,green,1,1237,us,0,0.875,66.0,mww,46.66,55.4742,-157.917,2021,7
95,8.2,2021-07-29 06:15:00,8,7,yellow,1,1252,ak,0,0.0,0.0,mww,35.0,55.3154,-157.829,2021,7
96,6.7,2021-07-23 20:48:00,8,5,green,1,935,us,0,8.139,12.0,mww,110.0,13.6989,120.713,2021,7
97,6.7,2021-07-21 21:15:00,6,6,green,1,830,us,0,1.395,61.0,mww,10.0,7.5904,-82.8813,2021,7
98,6.5,2021-06-20 17:05:00,0,4,green,1,650,us,0,7.994,24.0,mww,25.0,-30.2144,-177.773,2021,6
99,6.5,2021-05-21 22:13:00,5,7,green,1,652,us,0,4.518,44.0,mww,10.0,-16.4796,-177.356,2021,5
100,7.3,2021-05-21 18:04:00,9,9,orange,0,1025,us,0,4.655,9.0,mww,10.0,34.5861,98.2551,2021,5
101,6.7,2021-05-14 06:33:00,8,4,green,0,698,us,0,1.487,37.0,mww,11.0,0.1684,96.6475,2021,5
102,6.7,2021-05-12 14:05:00,9,3,green,0,694,us,0,10.669,45.0,mww,10.0,-17.2495,66.3745,2021,5
103,6.9,2021-05-01 01:27:00,7,6,green,1,919,us,0,2.619,35.0,mww,43.0,38.2296,141.665,2021,5
104,6.5,2021-04-25 22:28:00,4,4,green,0,651,us,0,5.931,20.0,mww,246.0,-21.6857,-177.064,2021,4
105,6.5,2021-04-24 00:23:00,6,4,green,0,652,us,0,10.405,19.0,mww,301.0,-18.9204,-176.235,2021,4
106,7.0,2021-03-20 09:09:00,7,7,yellow,1,1052,us,0,2.378,35.0,mww,43.0,38.4752,141.607,2021,3
107,6.6,2021-03-16 18:38:00,5,5,green,1,672,us,0,3.183,18.0,mww,13.23,54.7018,163.208,2021,3
108,6.5,2021-03-04 23:12:00,0,4,green,0,650,us,0,11.764,25.0,mwb,24.0,-28.4792,-176.619,2021,3
109,8.1,2021-03-04 19:28:00,9,8,green,1,1021,us,0,0.739,21.0,mww,28.93,-29.7466,-177.224,2021,3
110,7.4,2021-03-04 17:41:00,3,7,green,1,843,us,0,0.437,30.0,mww,43.0,-29.6131,-177.842,2021,3
111,7.3,2021-03-04 13:27:00,7,6,green,1,932,us,0,0.918,24.0,mww,10.0,-37.596,179.544,2021,3
112,7.1,2021-02-13 14:07:00,9,8,orange,1,1612,us,0,3.085,11.0,mww,43.98,37.6856,141.992,2021,2
113,7.7,2021-02-10 13:19:00,9,4,green,1,918,us,0,7.989,15.0,mww,10.0,-23.2787,171.489,2021,2
114,6.9,2021-01-23 23:36:00,9,5,green,1,739,us,0,1.55,16.0,mww,15.0,-61.8484,-55.559,2021,1
115,7.0,2021-01-21 12:23:00,7,5,green,1,802,us,0,2.821,15.0,mww,80.0,5.0074,127.517,2021,1
116,6.7,2021-01-11 21:32:00,8,8,green,0,776,us,0,2.043,22.0,mww,10.0,51.2407,100.443,2021,1
117,6.7,2020-12-27 21:39:00,5,5,green,1,776,us,0,1.319,19.0,mww,10.0,-39.3264,-74.9067,2020,12
118,7.0,2020-10-30 11:51:00,8,7,orange,0,1527,us,0,1.518,18.0,mww,21.0,37.8973,26.7953,2020,10
119,7.6,2020-10-19 20:54:00,9,7,yellow,1,1165,us,0,0.23,36.0,mww,28.37,54.662,-159.675,2020,10
120,6.9,2020-09-18 21:43:00,0,3,green,1,732,us,0,11.255,16.0,mww,10.0,0.9604,-26.8332,2020,9
121,6.5,2020-09-01 21:09:00,6,6,green,0,674,us,0,0.388,49.0,mww,16.0,-27.9285,-71.3937,2020,9
122,6.8,2020-09-01 04:09:00,6,7,green,1,824,us,0,0.312,69.0,mww,21.0,-28.013,-71.1958,2020,9
123,6.5,2020-08-30 21:20:00,4,5,green,0,651,us,0,15.394,31.0,mww,10.0,0.8696,-29.7046,2020,8
124,6.9,2020-08-21 04:09:00,4,3,green,0,749,us,0,2.267,20.0,mww,624.0,-6.6704,123.493,2020,8
125,6.9,2020-08-18 22:29:00,4,4,green,0,735,us,0,1.716,25.0,mww,26.0,-4.2791,101.215,2020,8
126,6.8,2020-08-18 22:23:00,5,4,green,0,716,us,0,1.816,34.0,mww,22.0,-4.3724,101.095,2020,8
127,6.6,2020-08-18 00:03:00,9,8,yellow,1,784,us,0,5.128,14.0,mww,10.0,12.0065,124.13,2020,8
128,7.8,2020-07-22 06:12:00,9,7,green,1,1111,us,0,0.621,60.0,mww,28.0,55.1079,-158.477,2020,7
129,7.0,2020-07-17 02:50:00,6,7,green,1,820,us,0,1.671,18.0,mww,73.0,-7.847,147.755,2020,7
130,6.6,2020-07-06 22:54:00,4,2,green,0,684,us,0,1.458,14.0,mww,533.76,-5.6368,110.678,2020,7
131,7.4,2020-06-23 15:29:00,8,8,orange,1,1494,us,0,0.151,30.0,mww,20.0,15.9163,-95.9533,2020,6
132,7.4,2020-06-18 12:49:00,7,7,green,1,873,us,0,4.035,23.0,mww,10.0,-33.2938,-177.838,2020,6
133,6.6,2020-06-13 15:51:00,5,4,green,1,734,us,0,2.015,18.0,mww,165.0,28.9386,128.262,2020,6
134,6.8,2020-06-03 07:35:00,6,6,green,1,835,us,0,1.164,21.0,mww,112.0,-23.2966,-68.4204,2020,6
135,6.5,2020-05-15 11:03:00,7,8,green,0,1320,nn,27,0.357,55.79,ml,2.7,38.1689,-117.85,2020,5
136,6.6,2020-05-12 22:41:00,4,6,green,1,671,us,0,3.403,12.0,mww,107.0,-12.0662,166.648,2020,5
137,6.8,2020-05-06 13:53:00,4,6,green,0,738,us,0,1.921,16.0,mww,96.0,-6.7762,129.785,2020,5
138,6.5,2020-05-02 12:51:00,7,6,green,0,678,us,0,1.293,19.0,mww,10.0,34.1818,25.7101,2020,5
139,6.5,2020-03-31 23:52:00,8,8,green,0,1410,us,0,0.885,31.0,mww,12.06,44.4646,-115.118,2020,3
140,7.5,2020-03-25 02:49:00,6,5,green,1,879,us,0,4.109,12.0,mww,57.8,48.9638,157.695,2020,3
141,7.0,2020-02-13 10:33:00,5,6,yellow,1,770,us,0,4.501,25.0,mww,143.0,45.6161,148.959,2020,2
142,7.7,2020-01-28 19:10:00,9,6,yellow,1,1812,us,0,1.657,26.0,mww,14.86,19.4193,-78.756,2020,1
143,6.7,2020-01-24 17:55:00,8,9,orange,0,1247,us,0,0.87,49.0,mww,10.0,38.4312,39.0609,2020,1
144,6.8,2019-12-15 06:11:00,9,7,yellow,1,825,us,0,0.546,39.0,mww,18.0,6.6969,125.174,2019,12
145,7.1,2019-11-14 16:17:00,6,6,green,1,799,us,0,1.271,11.0,mww,33.0,1.6213,126.416,2019,11
146,6.5,2019-11-08 10:44:00,0,2,green,0,650,us,0,4.765,25.0,mww,577.0,-21.9449,-179.511,2019,11
147,6.6,2019-11-04 22:43:00,4,4,green,1,673,us,0,5.086,48.0,mww,10.0,-18.5747,-175.272,2019,11
148,6.5,2019-10-31 01:11:00,9,7,green,1,733,us,0,0.428,19.0,mww,10.0,6.9098,125.178,2019,10
149,6.6,2019-10-29 01:04:00,9,7,yellow,1,780,us,0,0.646,24.0,mww,15.0,6.7567,125.008,2019,10
150,6.7,2019-09-29 15:57:00,7,6,green,1,844,us,0,1.269,98.0,mww,11.0,-35.4758,-73.163,2019,9
151,6.5,2019-09-25 23:46:00,7,7,yellow,1,656,us,0,3.909,15.0,mww,12.26,-3.4528,128.37,2019,9
152,6.6,2019-09-01 15:54:00,2,3,unknown,1,671,us,0,4.121,19.0,mww,591.0,-20.3641,-178.57,2019,9
153,6.6,2019-08-27 23:55:00,0,4,green,1,670,us,0,12.896,19.0,mww,16.0,-60.2152,-26.5801,2019,8
154,6.9,2019-08-02 12:03:00,4,6,green,0,875,us,0,2.839,23.0,mww,49.0,-7.2822,104.791,2019,8
155,6.8,2019-08-01 18:28:00,6,6,green,1,947,us,0,0.817,35.0,mww,25.0,-34.2364,-72.3102,2019,8
156,6.6,2019-07-31 15:02:00,0,4,green,1,670,us,0,6.024,30.0,mww,181.0,-16.1985,167.998,2019,7
157,7.2,2019-07-14 09:10:00,7,7,green,1,809,us,0,1.504,38.0,mww,18.98,-0.5858,128.034,2019,7
158,6.6,2019-07-14 05:39:00,5,5,green,0,791,us,0,2.978,32.0,mww,10.0,-18.2242,120.358,2019,7
159,6.9,2019-07-07 15:08:00,7,5,green,0,747,us,0,1.205,21.0,mww,35.0,0.5126,126.189,2019,7
160,7.1,2019-07-06 03:19:00,9,9,yellow,0,1646,ci,77,0.04616,43.0,mw,8.0,35.7695,-117.599,2019,7
161,7.3,2019-06-24 02:53:00,4,6,green,1,952,us,0,2.629,16.0,mww,212.0,-6.4078,129.169,2019,6
162,7.3,2019-06-15 22:55:00,8,6,green,1,830,us,0,1.402,11.0,mww,46.0,-30.6441,-178.1,2019,6
163,6.6,2019-05-30 09:03:00,7,6,yellow,1,886,us,0,1.193,22.0,mww,57.92,13.1994,-89.3056,2019,5
164,8.0,2019-05-26 07:41:00,9,8,orange,1,1890,us,0,3.18,17.0,mww,122.57,-5.8119,-75.2697,2019,5
165,7.6,2019-05-14 12:58:00,7,7,green,1,929,us,0,0.453,16.0,mww,10.0,-4.051,152.597,2019,5
166,7.1,2019-05-06 21:19:00,7,6,yellow,1,826,us,0,2.514,16.0,mww,146.0,-6.9746,146.449,2019,5
167,6.8,2019-04-12 11:40:00,5,6,green,1,717,us,0,0.791,28.0,mww,15.46,-1.8146,122.58,2019,4
168,6.5,2019-04-09 17:53:00,0,5,green,1,650,us,0,7.568,18.0,mww,38.0,-58.6262,-25.304,2019,4
169,7.0,2019-03-01 08:50:00,7,4,green,1,869,us,0,2.501,42.0,mww,267.0,-14.7131,-70.1546,2019,3
170,7.5,2019-02-22 10:17:00,7,7,yellow,1,1145,us,0,2.045,15.0,mww,145.0,-2.1862,-77.0505,2019,2
171,6.7,2019-02-01 16:14:00,6,6,yellow,1,909,us,0,0.289,43.0,mww,66.0,14.6802,-92.4527,2019,2
172,6.7,2019-01-22 19:01:00,0,3,green,0,691,us,0,7.527,17.0,mww,13.0,-43.1219,42.3568,2019,1
173,6.7,2019-01-20 01:32:00,8,8,orange,1,1600,us,0,0.173,22.0,mww,63.0,-30.0404,-71.3815,2019,1
174,6.6,2019-01-15 18:06:00,5,4,green,1,671,us,0,7.818,18.0,mww,35.0,-13.336,166.875,2019,1
175,6.6,2019-01-06 17:27:00,2,4,green,1,672,us,0,1.596,33.0,mww,43.21,2.258,126.758,2019,1
176,6.8,2019-01-05 19:25:00,3,3,green,0,715,us,0,1.181,16.0,mww,570.41,-8.144,-71.587,2019,1
177,7.0,2018-12-29 03:39:00,5,5,green,1,803,us,0,1.769,21.0,mww,60.21,5.8983,126.921,2018,12
178,7.3,2018-12-20 17:01:00,3,7,green,1,822,us,0,4.126,23.0,mww,16.56,55.0999,164.699,2018,12
179,7.1,2018-12-11 02:26:00,0,5,green,1,776,us,0,7.043,20.0,mww,133.0,-58.5446,-26.3856,2018,12
180,6.6,2018-12-05 06:43:00,0,4,green,1,670,us,0,2.679,31.0,mww,10.0,-22.0629,169.733,2018,12
181,7.5,2018-12-05 04:18:00,3,6,green,1,871,us,0,2.405,18.0,mww,10.0,-21.9496,169.427,2018,12
182,7.1,2018-11-30 17:29:00,8,8,orange,1,1790,ak,0,0.0,0.0,mw,46.7,61.3464,-149.955,2018,11
183,6.8,2018-11-18 20:25:00,0,3,green,1,711,us,0,2.879,39.0,mww,540.0,-17.8735,-178.927,2018,11
184,6.7,2018-11-09 01:49:00,3,4,green,1,693,us,0,7.853,19.0,mww,10.0,71.6312,-11.2431,2018,11
185,6.8,2018-10-25 22:54:00,8,7,yellow,0,954,us,0,2.268,15.0,mww,14.0,37.5203,20.5565,2018,10
186,6.5,2018-10-22 06:22:00,2,4,green,0,655,us,0,1.692,68.0,mww,10.0,49.297,-129.724,2018,10
187,6.8,2018-10-22 06:16:00,4,4,green,1,776,us,0,1.505,36.0,mww,10.0,49.3346,-129.289,2018,10
188,6.5,2018-10-22 05:39:00,3,4,green,1,669,us,0,1.611,63.0,mww,10.0,49.2586,-129.412,2018,10
189,6.5,2018-10-16 01:03:00,0,4,green,1,650,us,0,2.109,22.0,mww,17.0,-21.7427,169.522,2018,10
190,6.7,2018-10-13 11:10:00,0,3,green,1,691,us,0,2.705,17.0,mww,461.0,52.8549,153.243,2018,10
191,6.5,2018-10-10 23:16:00,0,4,green,1,650,us,0,3.923,14.0,mww,20.0,49.2902,156.297,2018,10
192,7.0,2018-10-10 20:48:00,6,6,green,1,758,us,0,1.778,18.0,mww,39.0,-5.7012,151.205,2018,10
193,6.7,2018-09-30 10:52:00,2,3,green,1,691,us,0,3.745,23.0,mww,550.0,-18.3604,-178.063,2018,9
194,7.5,2018-09-28 10:02:00,8,8,red,0,2026,us,0,1.649,13.0,mww,20.0,-0.2559,119.846,2018,9
195,6.5,2018-09-16 21:11:00,4,1,green,0,651,us,0,5.139,18.0,mww,576.0,-25.415,178.199,2018,9
196,6.9,2018-09-10 04:19:00,3,4,green,0,735,us,0,2.785,18.0,mww,115.0,-31.7447,-179.373,2018,9
197,6.5,2018-09-09 19:31:00,3,6,green,1,651,us,0,1.638,25.0,mww,68.0,-10.0207,161.503,2018,9
198,7.9,2018-09-06 15:49:00,7,4,green,1,979,us,0,1.431,12.0,mww,670.81,-18.4743,179.35,2018,9
199,6.6,2018-09-05 18:07:00,8,9,orange,1,1075,us,0,1.13,32.0,mww,35.0,42.6861,141.929,2018,9
200,7.1,2018-08-29 03:51:00,2,5,green,1,776,us,0,2.548,23.0,mww,21.43,-22.0295,170.126,2018,8
201,7.1,2018-08-24 09:04:00,0,3,green,0,776,us,0,3.77,12.0,mww,630.0,-11.0355,-70.8284,2018,8
202,6.5,2018-08-21 22:32:00,6,7,green,1,652,us,0,4.797,10.0,mww,9.0,-16.0315,168.143,2018,8
203,7.3,2018-08-21 21:31:00,8,6,yellow,1,1570,us,0,1.822,15.0,mww,146.82,10.7731,-62.9019,2018,8
204,6.9,2018-08-19 14:56:00,7,7,green,0,1206,us,0,2.453,31.0,mww,21.0,-8.319,116.627,2018,8
205,8.2,2018-08-19 00:19:00,5,4,green,1,1050,us,0,3.63,13.0,mww,600.0,-18.1125,-178.153,2018,8
206,6.5,2018-08-17 15:35:00,5,3,green,0,743,us,0,2.719,23.0,mww,529.0,-7.3718,119.802,2018,8
207,6.5,2018-08-15 21:56:00,6,6,green,1,655,us,0,0.576,22.0,mww,33.93,51.4234,-178.026,2018,8
208,6.9,2018-08-05 11:46:00,9,8,orange,0,1704,us,0,2.271,15.0,mww,34.0,-8.2581,116.438,2018,8
209,6.9,2018-05-04 22:32:00,7,8,yellow,1,1392,hv,63,0.11,210.0,mw,5.81,19.3182,-155.0,2018,5
210,6.8,2018-04-02 13:40:00,5,3,green,0,733,us,0,5.32,16.0,mww,559.0,-20.6588,-63.0058,2018,4
211,6.9,2018-03-29 21:25:00,9,6,green,1,741,us,0,1.487,18.0,mww,35.0,-5.5321,151.5,2018,3
212,6.7,2018-03-26 09:51:00,5,6,green,1,696,us,0,1.507,15.0,mww,40.0,-5.5024,151.402,2018,3
213,6.8,2018-03-08 17:39:00,6,6,green,1,719,us,0,1.049,16.0,mww,22.86,-4.3762,153.2,2018,3
214,6.7,2018-03-06 14:13:00,8,7,green,1,697,us,0,5.457,19.0,mww,20.49,-6.3043,142.612,2018,3
215,7.5,2018-02-25 17:44:00,9,8,yellow,1,943,us,0,5.48,17.0,mww,25.21,-6.0699,142.754,2018,2
216,7.2,2018-02-16 23:39:00,7,7,yellow,1,1384,us,0,0.142,82.0,mww,22.0,16.3855,-97.9787,2018,2
217,7.9,2018-01-23 09:31:00,9,4,green,1,1870,us,0,2.585,30.0,mww,14.06,56.0039,-149.166,2018,1
218,7.1,2018-01-14 09:18:00,9,7,green,1,1075,us,0,4.29,23.0,mww,39.0,-15.7675,-74.7092,2018,1
219,7.5,2018-01-10 02:51:00,8,5,green,1,1623,us,0,4.581,12.0,mww,19.0,17.4825,-83.52,2018,1
220,6.5,2017-12-15 16:47:00,8,7,green,0,998,us,0,2.365,28.0,mww,90.0,-7.4921,108.174,2017,12
221,6.5,2017-12-13 18:03:00,1,5,green,1,651,us,0,17.654,23.0,mww,17.0,-54.2189,2.1628,2017,12
222,7.0,2017-11-19 22:43:00,4,6,green,1,771,us,0,0.617,14.0,mww,10.0,-21.3246,168.671,2017,11
223,6.6,2017-11-19 15:09:00,4,5,green,1,676,us,0,0.529,21.0,mww,13.0,-21.5027,168.598,2017,11
224,6.5,2017-11-13 02:28:00,8,8,yellow,1,1153,us,0,0.225,37.0,mww,19.36,9.5147,-84.4865,2017,11
225,7.3,2017-11-12 18:18:00,8,9,red,0,2790,us,0,0.284,33.0,mww,19.0,34.9109,45.9592,2017,11
226,6.5,2017-11-07 21:26:00,6,5,green,1,661,us,0,4.449,10.0,mww,110.57,-4.2433,143.485,2017,11
227,6.8,2017-11-04 09:00:00,5,5,green,1,727,us,0,4.852,21.0,mww,10.0,-15.3197,-173.168,2017,11
228,6.6,2017-11-01 02:23:00,3,5,green,1,674,us,0,0.788,29.0,mww,22.0,-21.6484,168.859,2017,11
229,6.7,2017-10-31 00:42:00,3,4,green,1,691,us,0,1.062,55.0,mww,24.0,-21.6971,169.148,2017,10
230,6.7,2017-10-24 10:47:00,3,3,green,0,694,us,0,1.634,16.0,mww,553.81,-7.2168,123.074,2017,10
231,6.5,2017-10-08 22:34:00,3,5,green,1,651,us,0,1.154,11.0,mww,119.0,52.3909,176.769,2017,10
232,7.1,2017-09-19 18:14:00,9,8,unknown,0,1686,us,0,0.984,23.0,mww,48.0,18.5499,-98.4887,2017,9
233,8.2,2017-09-08 04:49:00,9,7,red,1,2910,us,0,0.944,22.0,mww,47.39,15.0222,-93.8993,2017,9
234,6.5,2017-08-08 13:19:00,5,7,yellow,0,707,us,0,11.411,22.0,mww,9.0,33.1926,103.855,2017,8
235,6.6,2017-07-20 22:31:00,7,7,yellow,0,1064,us,0,0.913,16.0,mww,7.0,36.9293,27.4139,2017,7
236,7.7,2017-07-17 23:34:00,8,7,green,1,918,us,0,3.564,13.0,mww,10.0,54.4434,168.857,2017,7
237,6.6,2017-07-11 07:00:00,5,4,green,1,704,us,0,3.773,37.0,mww,10.0,-49.4837,164.016,2017,7
238,6.5,2017-07-06 08:03:00,9,8,yellow,1,740,us,0,4.139,30.0,mww,9.0,11.1269,124.629,2017,7
239,6.8,2017-06-22 12:31:00,6,6,yellow,1,1034,us,0,1.065,38.0,mww,38.12,13.7174,-90.9718,2017,6
240,6.9,2017-06-14 07:29:00,8,6,yellow,1,1188,us,0,0.247,35.0,mww,93.0,14.9091,-92.0092,2017,6
241,6.8,2017-06-02 22:24:00,0,4,green,1,711,us,0,2.308,12.0,mww,5.0,54.0312,170.92,2017,6
242,6.6,2017-05-29 14:35:00,7,7,green,0,678,us,0,2.353,18.0,mww,12.0,-1.2923,120.431,2017,5
243,6.5,2017-05-10 23:23:00,0,4,green,1,650,us,0,6.489,17.0,mww,15.0,-56.414,-25.7432,2017,5
244,6.8,2017-05-09 13:52:00,6,5,green,1,713,us,0,7.495,19.0,mww,169.0,-14.5884,167.377,2017,5
245,6.9,2017-04-28 20:23:00,9,6,green,1,814,us,0,1.636,14.0,mww,26.0,5.5043,125.066,2017,4
246,6.9,2017-04-24 21:38:00,9,7,yellow,1,1642,us,0,0.356,39.0,mww,28.0,-33.0375,-72.0617,2017,4
247,6.5,2017-04-03 17:40:00,7,8,green,0,1297,us,0,2.36,15.0,mww,29.0,-22.6784,25.1558,2017,4
248,6.6,2017-03-29 04:09:00,6,7,yellow,1,671,us,0,4.591,14.0,mww,17.0,56.9401,162.786,2017,3
249,6.9,2017-02-24 17:28:00,2,3,green,1,733,us,0,6.012,19.0,mww,414.5,-23.2593,-178.804,2017,2
250,6.5,2017-02-21 14:09:00,3,3,green,0,653,us,0,4.242,14.0,mww,595.98,-19.2814,-63.9047,2017,2
251,6.5,2017-02-10 14:03:00,8,7,yellow,1,718,us,0,2.822,36.0,mww,15.0,9.9071,125.452,2017,2
252,7.9,2017-01-22 04:30:00,9,7,yellow,1,987,us,0,3.625,9.0,mww,135.0,-6.2464,155.172,2017,1
253,6.5,2017-01-19 23:04:00,6,6,green,1,654,us,0,1.64,21.0,mww,36.0,-10.3506,161.335,2017,1
254,7.3,2017-01-10 06:13:00,6,3,green,1,849,us,0,3.813,18.0,mww,627.17,4.4782,122.617,2017,1
255,6.9,2017-01-03 21:52:00,6,4,green,1,742,us,0,2.495,13.0,mww,12.0,-19.3733,176.052,2017,1
256,7.6,2016-12-25 14:22:00,9,8,yellow,1,1152,us,0,0.355,29.0,mww,38.0,-43.4064,-73.9413,2016,12
257,6.7,2016-12-21 00:17:00,5,5,green,0,726,us,0,3.38,17.0,mww,152.0,-7.5082,127.921,2016,12
258,7.9,2016-12-17 10:51:00,9,7,yellow,1,972,us,0,1.389,13.0,mww,94.54,-4.5049,153.522,2016,12
259,6.9,2016-12-09 19:10:00,8,6,green,1,737,us,0,1.747,26.0,mww,19.73,-10.749,161.132,2016,12
260,6.5,2016-12-08 21:56:00,0,5,green,0,650,us,0,1.937,18.0,mww,12.26,-10.8416,161.314,2016,12
261,7.8,2016-12-08 17:38:00,9,8,green,1,961,us,0,1.836,13.0,mww,40.0,-10.6812,161.327,2016,12
262,6.6,2016-12-08 14:49:00,5,4,green,1,1120,us,0,1.405,55.0,mww,8.45,40.4535,-126.194,2016,12
263,6.5,2016-12-06 22:03:00,9,8,yellow,0,731,us,0,0.778,27.0,mww,13.0,5.2834,96.1678,2016,12
264,6.6,2016-11-25 14:24:00,8,7,green,0,693,us,0,1.697,20.0,mww,17.0,39.2732,73.9776,2016,11
265,6.9,2016-11-24 18:43:00,5,4,green,1,855,us,0,1.796,20.0,mww,10.0,11.9097,-88.8968,2016,11
266,6.9,2016-11-21 20:59:00,9,6,green,1,1144,us,0,0.671,10.0,mww,9.0,37.3931,141.387,2016,11
267,6.5,2016-11-14 00:34:00,7,7,yellow,1,664,us,0,0.283,56.0,mww,9.0,-42.6058,173.254,2016,11
268,6.5,2016-11-13 11:32:00,6,7,yellow,1,656,us,0,0.135,58.0,mww,10.0,-42.3205,173.669,2016,11
269,7.8,2016-11-13 11:02:00,9,9,orange,1,1545,us,0,0.481,21.0,mww,15.11,-42.7373,173.054,2016,11
270,6.6,2016-10-30 06:40:00,9,8,red,0,2840,us,0,0.174,25.0,mww,8.0,42.8621,13.0961,2016,10
271,6.6,2016-10-19 00:26:00,3,3,green,0,677,us,0,2.022,16.0,mww,614.0,-4.8626,108.163,2016,10
272,6.8,2016-10-17 06:14:00,3,6,green,1,716,us,0,3.727,11.0,mww,42.0,-6.0033,148.887,2016,10
273,6.9,2016-09-24 21:28:00,2,3,green,1,733,us,0,4.051,9.0,mww,596.4,-19.7819,-178.244,2016,9
274,7.0,2016-09-01 16:37:00,5,6,green,1,897,us,0,0.698,21.0,mww,19.0,-37.3586,179.146,2016,9
275,6.8,2016-08-31 03:11:00,4,3,green,1,713,us,0,0.803,12.0,mww,476.0,-3.6849,152.792,2016,8
276,6.8,2016-08-24 10:34:00,6,6,yellow,0,981,us,0,1.802,17.0,mww,82.0,20.9228,94.569,2016,8
277,7.2,2016-08-12 01:26:00,6,5,green,1,799,us,0,4.823,14.0,mww,16.37,-22.4765,173.117,2016,8
278,7.7,2016-07-29 21:18:00,5,6,green,1,971,us,0,3.294,14.0,mww,196.0,18.5429,145.507,2016,7
279,6.6,2016-06-01 22:56:00,4,6,green,0,671,us,0,2.435,16.0,mww,50.0,-2.0967,100.665,2016,6
280,7.2,2016-05-28 09:46:00,1,6,green,1,798,us,0,5.803,24.0,mww,78.0,-56.2409,-26.9353,2016,5
281,6.9,2016-05-28 05:38:00,3,3,green,1,733,us,0,5.485,19.0,mww,405.69,-21.9724,-178.204,2016,5
282,6.9,2016-05-18 16:46:00,8,7,green,1,780,us,0,1.192,17.0,mww,29.95,0.4947,-79.616,2016,5
283,6.7,2016-05-18 07:57:00,5,7,green,1,744,us,0,1.352,21.0,mww,16.0,0.4261,-79.7899,2016,5
284,7.0,2016-04-28 19:33:00,7,7,green,1,755,us,0,0.616,14.0,mww,24.0,-16.0429,167.379,2016,4
285,7.8,2016-04-16 23:58:00,9,9,orange,1,1163,us,0,1.44,15.0,mww,20.59,0.3819,-79.9218,2016,4
286,7.0,2016-04-15 16:25:00,9,9,red,1,2074,us,0,0.349,32.0,mww,10.0,32.7906,130.754,2016,4
287,6.9,2016-04-13 13:55:00,6,6,yellow,0,903,us,0,3.001,14.0,mww,136.0,23.0944,94.8654,2016,4
288,6.6,2016-04-10 10:28:00,6,4,green,0,738,us,0,0.789,17.0,mww,212.0,36.4725,71.1311,2016,4
289,6.7,2016-04-07 03:32:00,7,5,green,1,692,us,0,6.787,25.0,mww,27.59,-13.9805,166.594,2016,4
290,6.7,2016-04-06 06:58:00,7,6,green,1,691,us,0,6.697,19.0,mww,24.0,-14.0683,166.624,2016,4
291,6.9,2016-04-03 08:23:00,7,6,green,1,734,us,0,1.166,25.0,mww,26.0,-14.3235,166.855,2016,4
292,7.8,2016-03-02 12:49:00,4,3,green,0,948,us,0,7.009,20.0,mww,24.0,-4.9521,94.3299,2016,3
293,7.2,2016-01-30 03:25:00,3,7,green,1,799,us,0,0.958,17.0,mww,177.0,53.9776,158.546,2016,1
294,7.1,2016-01-24 10:30:00,7,7,green,1,1496,ak,0,0.0,0.0,mw,125.6,59.6204,-153.339,2016,1
295,6.6,2016-01-21 18:06:00,3,4,green,1,673,us,0,2.413,74.0,mww,10.0,18.8239,-106.934,2016,1
296,6.7,2016-01-14 03:25:00,5,6,green,1,717,us,0,0.281,22.0,mww,46.0,41.9723,142.781,2016,1
297,6.5,2016-01-11 16:38:00,3,6,green,1,651,us,0,3.144,22.0,mww,13.0,3.8965,126.862,2016,1
298,6.7,2016-01-03 23:05:00,8,7,orange,0,1515,us,0,1.794,16.0,mww,55.0,24.8036,93.6505,2016,1
299,6.6,2015-12-17 19:49:00,8,6,green,1,765,us,0,0.41,35.0,mww,85.0,15.8015,-93.633,2015,12
300,6.9,2015-12-09 10:21:00,8,5,green,0,738,us,0,2.979,14.0,mww,21.0,-4.1064,129.508,2015,12
301,7.2,2015-12-07 07:50:00,4,7,green,0,827,us,0,1.116,18.0,mww,22.0,38.2107,72.7797,2015,12
302,6.7,2015-11-26 05:45:00,2,3,green,0,691,us,0,2.033,19.0,mww,602.75,-9.1825,-71.2574,2015,11
303,7.6,2015-11-24 22:50:00,5,4,green,0,896,us,0,2.852,10.0,mww,620.56,-10.0598,-71.0184,2015,11
304,7.6,2015-11-24 22:45:00,6,5,green,1,957,us,0,3.287,10.0,mww,606.21,-10.5372,-70.9437,2015,11
305,6.8,2015-11-18 18:31:00,5,6,green,1,715,us,0,1.599,19.0,mww,12.59,-8.8994,158.422,2015,11
306,6.5,2015-11-17 07:10:00,7,7,orange,0,1018,us,0,0.0,0.0,mww,11.0,38.67,20.6,2015,11
307,6.7,2015-11-13 20:51:00,5,4,green,0,702,us,0,1.444,17.0,mww,12.0,31.0009,128.873,2015,11
308,6.9,2015-11-11 02:46:00,5,6,green,0,744,us,0,0.821,43.0,mww,10.0,-29.5097,-72.0585,2015,11
309,6.9,2015-11-11 01:54:00,6,6,green,1,761,us,0,0.784,32.0,mww,12.0,-29.5067,-72.0068,2015,11
310,6.6,2015-11-08 16:47:00,7,4,green,0,675,us,0,2.792,31.0,mww,10.0,6.8431,94.648,2015,11
311,6.8,2015-11-07 07:31:00,7,7,green,1,841,us,0,0.258,41.0,mww,46.0,-30.8796,-71.4519,2015,11
312,6.5,2015-11-04 03:44:00,5,7,green,0,657,us,0,1.53,21.0,mww,20.0,-8.3381,124.875,2015,11
313,7.5,2015-10-26 09:09:00,8,7,orange,0,1448,us,0,0.622,18.0,mww,231.0,36.5244,70.3676,2015,10
314,7.1,2015-10-20 21:52:00,6,6,green,1,780,us,0,0.592,11.0,mww,135.0,-14.8595,167.303,2015,10
315,6.6,2015-09-24 15:53:00,7,7,green,0,671,us,0,2.486,13.0,mww,18.0,-0.6212,131.262,2015,9
316,6.6,2015-09-21 17:40:00,5,7,green,1,820,us,0,1.064,14.0,mww,35.0,-31.7275,-71.3792,2015,9
317,6.7,2015-09-17 04:10:00,5,7,green,0,718,us,0,0.853,35.0,mww,23.0,-31.5173,-71.804,2015,9
318,6.5,2015-09-17 03:55:00,6,7,green,0,657,us,0,0.749,62.0,mww,27.0,-31.4244,-71.6876,2015,9
319,7.0,2015-09-16 23:18:00,8,7,green,0,799,us,0,0.903,13.0,mww,28.41,-31.5622,-71.4262,2015,9
320,8.3,2015-09-16 22:54:00,9,8,orange,1,1960,us,0,0.684,19.0,mww,22.44,-31.5729,-71.6744,2015,9
321,6.7,2015-09-13 08:14:00,5,5,green,1,708,us,0,1.256,123.0,mww,10.0,24.913,-109.623,2015,9
322,6.5,2015-08-12 18:49:00,0,5,green,1,650,us,0,2.045,16.0,mww,6.43,-9.3293,157.877,2015,8
323,6.6,2015-08-10 04:12:00,3,5,green,1,671,us,0,1.872,20.0,mww,22.0,-9.3438,158.053,2015,8
324,7.0,2015-07-27 21:41:00,9,7,green,1,762,us,0,6.278,12.0,mww,48.0,-2.6286,138.528,2015,7
325,6.9,2015-07-27 04:49:00,4,7,green,1,734,us,0,0.444,39.0,mww,29.0,52.376,-169.446,2015,7
326,7.0,2015-07-18 02:27:00,8,6,green,1,759,us,0,5.205,22.0,mww,11.0,-10.4012,165.141,2015,7
327,6.5,2015-07-16 15:16:00,4,4,green,1,686,us,0,1.218,20.0,mww,20.0,13.8672,-58.5479,2015,7
328,6.7,2015-07-10 04:12:00,4,5,green,1,691,us,0,1.529,11.0,mww,12.0,-9.307,158.403,2015,7
329,6.5,2015-06-23 12:18:00,3,4,green,0,652,us,0,2.277,11.0,mww,460.0,27.7375,139.725,2015,6
330,7.8,2015-05-30 11:23:00,6,3,green,1,1151,us,0,1.675,12.0,mww,664.0,27.8386,140.493,2015,5
331,6.8,2015-05-29 07:00:00,5,6,green,1,762,ak,0,0.0,0.0,mw,72.6,56.594,-156.43,2015,5
332,6.8,2015-05-22 23:59:00,1,5,green,1,711,us,0,3.619,18.0,mww,10.0,-11.1093,163.215,2015,5
333,6.9,2015-05-22 21:45:00,1,4,green,1,732,us,0,4.024,22.0,mww,11.19,-11.0559,163.696,2015,5
334,6.8,2015-05-20 22:48:00,1,4,green,1,711,us,0,4.395,15.0,mww,11.0,-10.8759,164.169,2015,5
335,6.8,2015-05-12 21:12:00,8,6,green,1,831,us,0,1.422,8.0,mww,35.0,38.9056,142.032,2015,5
336,7.3,2015-05-12 07:05:00,8,7,orange,0,1563,us,0,0.677,11.0,mww,15.0,27.8087,86.0655,2015,5
337,7.1,2015-05-07 07:10:00,1,6,green,1,776,us,0,3.835,11.0,mww,10.0,-7.2175,154.557,2015,5
338,7.5,2015-05-05 01:44:00,7,8,green,1,869,us,0,1.295,22.0,mww,55.0,-5.4624,151.875,2015,5
339,6.8,2015-05-01 08:06:00,5,6,green,1,714,us,0,1.074,23.0,mww,44.0,-5.2005,151.777,2015,5
340,6.7,2015-04-30 10:45:00,5,6,green,1,692,us,0,1.239,12.0,mww,31.0,-5.375,151.771,2015,4
341,6.7,2015-04-26 07:09:00,7,7,yellow,0,1016,us,0,0.727,13.0,mww,22.91,27.7711,86.0173,2015,4
342,6.6,2015-04-25 06:45:00,8,7,yellow,0,733,us,0,1.778,16.0,mww,10.0,28.2244,84.8216,2015,4
343,7.8,2015-04-25 06:11:00,8,9,red,0,2820,us,0,1.857,12.0,mww,8.22,28.2305,84.7314,2015,4
344,6.5,2015-04-17 15:52:00,0,5,green,1,650,us,0,3.702,42.0,mww,10.0,-15.8815,-178.6,2015,4
345,6.5,2015-03-30 08:48:00,2,5,green,1,650,us,0,4.629,36.0,mww,11.0,-15.4994,-173.029,2015,3
346,7.5,2015-03-29 23:48:00,6,7,green,1,872,us,0,0.666,19.0,mww,41.0,-4.7294,152.562,2015,3
347,7.0,2015-02-27 13:45:00,4,6,green,0,760,us,0,1.362,12.0,mww,552.06,-7.2968,122.535,2015,2
348,6.7,2015-02-16 23:06:00,5,5,green,1,714,us,0,1.925,20.0,mww,23.0,39.8558,142.881,2015,2
349,6.7,2015-02-11 18:57:00,4,6,green,1,700,us,0,2.11,16.0,mww,223.0,-23.1125,-66.688,2015,2
350,6.8,2015-01-23 03:47:00,1,4,green,1,711,us,0,2.019,13.0,mww,219.96,-17.0309,168.52,2015,1
351,6.5,2015-01-07 05:07:00,1,4,green,1,650,us,0,4.318,61.0,mww,8.0,5.9045,-82.6576,2015,1
352,6.6,2014-12-08 08:54:00,7,6,green,1,709,us,0,2.485,43.0,mww,20.0,7.9401,-82.6865,2014,12
353,6.6,2014-12-07 01:22:00,1,5,green,1,670,us,0,3.246,12.0,mww,23.0,-6.5108,154.46,2014,12
354,6.6,2014-12-02 05:11:00,1,3,green,0,670,us,0,2.6,9.0,mww,614.0,6.1572,123.126,2014,12
355,6.8,2014-11-26 14:33:00,6,5,green,1,713,us,0,1.421,19.0,mww,39.0,1.9604,126.575,2014,11
356,6.5,2014-11-21 10:10:00,5,5,green,1,652,us,0,1.549,9.0,mww,35.0,2.2999,127.056,2014,11
357,6.7,2014-11-16 22:33:00,7,4,green,1,698,us,0,1.079,25.0,mww,22.0,-37.6478,179.662,2014,11
358,7.1,2014-11-15 02:31:00,4,6,green,1,779,us,0,1.397,18.0,mww,45.0,1.8929,126.522,2014,11
359,6.6,2014-11-07 03:33:00,2,6,green,1,671,us,0,3.557,13.0,mww,53.19,-5.9873,148.232,2014,11
360,7.1,2014-11-01 18:57:00,3,6,green,1,776,us,0,4.415,13.0,mww,434.0,-19.6903,-177.759,2014,11
361,7.3,2014-10-14 03:51:00,8,6,yellow,1,982,us,0,1.078,18.0,mww,40.0,12.5262,-88.1225,2014,10
362,6.7,2014-09-17 06:14:00,5,5,green,1,724,us,0,0.46,11.0,mww,130.0,13.7641,144.429,2014,9
363,6.8,2014-08-24 23:21:00,6,6,green,1,741,us,0,4.107,18.0,mww,101.0,-14.598,-73.5714,2014,8
364,6.9,2014-08-03 00:22:00,0,4,green,1,732,us,0,6.393,12.0,mww,13.0,0.8295,146.169,2014,8
365,6.9,2014-07-21 14:54:00,0,6,green,1,732,us,0,3.934,15.0,mww,615.42,-19.8015,-178.4,2014,7
366,6.5,2014-07-11 19:22:00,5,4,green,1,706,us,0,2.421,9.0,mww,20.0,37.0052,142.452,2014,7
367,6.9,2014-07-07 11:23:00,8,7,orange,1,1079,us,0,0.263,51.0,mww,53.0,14.724,-92.4614,2014,7
368,6.5,2014-07-04 15:00:00,0,4,green,1,650,us,0,2.124,15.0,mww,20.0,-6.2304,152.807,2014,7
369,6.7,2014-06-29 17:15:00,0,5,green,1,691,us,0,6.713,45.0,mww,18.0,-14.9831,-175.51,2014,6
370,6.9,2014-06-29 07:52:00,0,5,green,1,732,us,0,4.838,25.0,mww,8.0,-55.4703,-28.3669,2014,6
371,7.9,2014-06-23 20:53:00,6,8,green,1,963,us,0,0.133,22.0,mww,109.0,51.8486,178.735,2014,6
372,6.7,2014-06-23 20:06:00,0,5,green,0,691,us,0,0.748,43.0,mwc,26.59,-29.9414,-177.607,2014,6
373,6.5,2014-06-23 19:21:00,0,5,green,0,650,us,0,0.778,30.0,mwc,10.0,-29.9379,-177.516,2014,6
374,6.9,2014-06-23 19:19:00,0,5,green,1,732,us,0,0.751,35.0,mww,20.0,-29.9772,-177.725,2014,6
375,6.9,2014-05-24 09:25:00,9,7,green,0,951,us,0,0.402,25.0,mww,6.43,40.2893,25.3889,2014,5
376,6.5,2014-05-13 06:35:00,7,5,green,1,694,us,0,3.121,33.0,mww,10.0,7.2096,-82.3045,2014,5
377,6.6,2014-05-01 06:36:00,0,5,green,1,670,us,0,3.34,10.0,mww,106.0,-21.4542,170.355,2014,5
378,6.5,2014-04-24 03:10:00,4,6,green,1,838,us,0,0.0,0.0,mww,10.0,49.6388,-127.732,2014,4
379,7.5,2014-04-19 13:28:00,0,6,green,1,865,us,0,3.82,16.0,mww,43.37,-6.7547,155.024,2014,4
380,6.6,2014-04-19 01:04:00,0,6,green,1,670,us,0,3.803,11.0,mww,29.0,-6.6558,155.087,2014,4
381,7.2,2014-04-18 14:27:00,8,7,yellow,1,1017,us,0,2.25,46.0,mww,24.0,17.397,-100.972,2014,4
382,6.6,2014-04-13 13:24:00,0,6,green,0,670,us,0,2.666,22.0,mww,10.0,-11.1284,162.052,2014,4
383,7.4,2014-04-13 12:36:00,0,6,green,1,842,us,0,2.885,17.0,mww,39.0,-11.4633,162.051,2014,4
384,7.6,2014-04-12 20:14:00,0,7,green,1,889,us,0,2.828,13.0,mww,22.56,-11.2701,162.148,2014,4
385,6.6,2014-04-11 20:29:00,6,5,green,1,677,us,0,0.761,20.0,mww,135.0,11.642,-85.8779,2014,4
386,6.5,2014-04-11 08:16:00,0,6,green,1,650,us,0,3.787,16.0,mww,20.0,-6.7878,154.95,2014,4
387,7.1,2014-04-11 07:07:00,0,7,green,1,776,us,0,3.729,21.0,mww,60.53,-6.5858,155.048,2014,4
388,7.7,2014-04-03 02:43:00,8,9,yellow,1,1057,us,0,1.029,44.0,mww,22.4,-20.5709,-70.4931,2014,4
389,6.5,2014-04-03 01:58:00,7,7,green,0,670,us,0,0.828,82.0,mww,24.07,-20.3113,-70.5756,2014,4
390,6.9,2014-04-01 23:57:00,0,5,green,0,732,us,0,0.828,119.0,mww,28.42,-19.8927,-70.9455,2014,4
391,8.2,2014-04-01 23:46:00,9,8,yellow,1,1332,us,0,0.609,23.0,mww,25.0,-19.6097,-70.7691,2014,4
392,6.7,2014-03-16 21:16:00,7,7,green,1,718,us,0,1.008,44.0,mww,20.0,-19.9807,-70.7022,2014,3
393,6.8,2014-03-10 05:18:00,5,5,green,1,1211,nc,112,0.6568,229.0,mw,16.441,40.8287,-125.134,2014,3
394,6.5,2014-03-02 20:11:00,4,5,green,1,668,us,0,1.001,17.0,mww,119.0,27.4312,127.367,2014,3
395,6.5,2014-02-18 09:27:00,5,4,green,1,681,us,0,1.635,30.0,mww,14.83,14.6682,-58.9272,2014,2
396,6.9,2014-02-12 09:19:00,3,8,yellow,0,733,us,0,7.496,18.0,mww,10.0,35.9053,82.5864,2014,2
397,6.5,2014-02-07 08:40:00,0,5,green,1,650,us,0,0.409,20.0,mww,122.0,-15.0691,167.372,2014,2
398,6.5,2014-02-02 09:26:00,0,3,green,1,650,us,0,3.651,22.0,mww,44.26,-32.9076,-177.881,2014,2
399,6.5,2014-01-01 16:03:00,0,4,green,1,650,us,0,3.997,14.0,mww,187.0,-13.8633,167.249,2014,1
400,6.5,2013-11-23 07:48:00,3,4,green,0,651,us,0,5.194,22.0,mww,371.0,-17.1171,-176.545,2013,11
401,7.7,2013-11-17 09:04:00,1,8,green,1,912,us,0,8.05,23.0,mww,10.0,-60.2738,-46.4011,2013,11
402,6.9,2013-11-16 03:34:00,0,5,green,1,732,us,0,8.284,17.0,mww,9.97,-60.2627,-47.0621,2013,11
403,6.6,2013-10-31 23:03:00,6,7,green,1,723,us,0,0.636,31.0,mww,27.0,-30.2921,-71.5215,2013,10
404,7.1,2013-10-25 17:10:00,6,4,green,1,872,us,0,3.968,10.0,mww,35.0,37.1557,144.661,2013,10
405,6.6,2013-10-19 17:54:00,8,5,green,1,692,us,0,1.98,44.0,mww,9.45,26.0913,-110.321,2013,10
406,6.8,2013-10-16 10:30:00,0,6,green,1,711,us,0,5.79,9.0,mww,35.0,-6.4456,154.931,2013,10
407,7.1,2013-10-15 00:12:00,9,8,orange,1,1092,us,0,3.144,12.0,mww,19.04,9.8796,124.117,2013,10
408,6.6,2013-10-12 13:11:00,5,6,yellow,0,691,us,0,1.984,40.0,mww,40.0,35.5142,23.2523,2013,10
409,6.7,2013-10-01 03:38:00,0,3,green,0,691,us,0,2.958,11.0,mww,573.0,53.1995,152.786,2013,10
410,6.5,2013-09-30 05:55:00,0,4,green,1,650,us,0,1.709,21.0,mww,41.54,-30.9255,-178.323,2013,9
411,6.8,2013-09-28 07:34:00,7,7,orange,0,1005,us,0,7.359,17.0,mww,12.0,27.1825,65.5052,2013,9
412,7.1,2013-09-25 16:42:00,8,7,green,1,843,us,0,4.446,17.0,mww,40.0,-15.8385,-74.5112,2013,9
413,7.7,2013-09-24 11:29:00,5,8,red,0,2015,us,0,7.241,17.0,mww,15.0,26.951,65.5009,2013,9
414,6.5,2013-09-04 02:32:00,0,6,green,1,650,us,0,0.735,24.0,mww,20.0,51.5573,-174.767,2013,9
415,6.5,2013-09-04 00:18:00,5,3,green,0,739,us,0,3.276,26.0,mww,402.0,29.9377,138.833,2013,9
416,6.5,2013-09-01 11:52:00,4,5,green,0,668,us,0,3.097,11.0,mww,112.0,-7.44,128.221,2013,9
417,7.0,2013-08-30 16:25:00,5,6,green,0,758,us,0,0.624,53.0,mww,29.0,51.537,-175.23,2013,8
418,6.5,2013-08-16 02:31:00,9,7,yellow,1,690,us,0,0.0,0.0,mww,8.2,-41.734,174.152,2013,8
419,6.7,2013-08-13 15:43:00,4,5,green,1,715,us,0,3.741,22.0,mww,12.0,5.7732,-78.1999,2013,8
420,6.5,2013-07-21 05:09:00,6,7,yellow,1,693,us,229,0.0,20.0,mww,17.0,-41.704,174.337,2013,7
421,7.3,2013-07-15 14:03:00,0,6,green,1,820,us,398,0.0,43.0,mww,11.0,-60.857,-25.07,2013,7
422,6.6,2013-07-07 20:30:00,4,6,green,0,674,us,139,0.0,14.0,mww,56.0,-6.029,149.706,2013,7
423,7.3,2013-07-07 18:35:00,0,4,green,1,820,us,117,0.0,24.0,mww,385.5,-3.917,153.927,2013,7
424,6.6,2013-06-24 22:04:00,0,7,green,1,670,us,111,0.0,16.0,mww,10.0,10.701,-42.594,2013,6
425,6.5,2013-06-15 17:34:00,5,6,green,1,679,us,698,0.0,27.0,mww,30.0,11.763,-86.926,2013,6
426,6.7,2013-06-13 16:47:00,5,4,green,0,710,us,515,0.0,24.0,mww,9.0,-10.004,107.236,2013,6
427,6.7,2013-05-24 14:56:00,0,3,green,1,691,us,217,0.0,25.2,mwb,624.0,52.235,151.444,2013,5
428,8.3,2013-05-24 05:44:00,5,5,green,1,1115,us,385,0.0,10.0,mww,598.1,54.892,153.221,2013,5
429,7.4,2013-05-23 17:19:00,0,6,green,1,842,us,626,0.0,16.0,mww,173.7,-23.009,-177.232,2013,5
430,6.8,2013-05-14 00:32:00,0,3,green,0,711,us,131,0.0,18.0,mww,602.2,18.728,145.288,2013,5
431,6.5,2013-04-23 23:14:00,0,6,green,1,650,us,264,0.0,16.6,mww,10.0,-3.898,152.127,2013,4
432,6.6,2013-04-20 00:02:00,8,8,red,0,2083,us,548,0.0,12.6,mww,14.0,30.308,102.888,2013,4
433,7.2,2013-04-19 03:05:00,5,7,green,1,804,us,770,0.0,10.1,mww,110.0,46.221,150.788,2013,4
434,6.6,2013-04-16 22:55:00,7,7,green,1,672,us,445,0.0,11.0,mww,13.0,-3.214,142.542,2013,4
435,7.7,2013-04-16 10:44:00,8,8,yellow,0,1421,us,506,0.0,26.6,mww,80.0,28.033,61.996,2013,4
436,6.6,2013-04-14 01:32:00,0,5,green,1,670,us,491,0.0,11.5,mww,31.0,-6.475,154.607,2013,4
437,7.0,2013-04-06 04:42:00,3,7,green,1,755,us,640,0.0,11.4,mww,66.0,-3.517,138.476,2013,4
438,6.5,2013-03-10 22:51:00,0,6,green,1,650,us,317,0.0,14.2,mww,28.0,-6.598,148.174,2013,3
439,6.5,2013-03-01 13:20:00,3,6,green,0,651,us,480,0.0,20.7,mww,29.0,50.958,157.408,2013,3
440,6.9,2013-02-28 14:05:00,5,6,green,1,736,us,531,0.0,20.7,mww,41.0,50.954,157.283,2013,2
441,6.6,2013-02-14 13:13:00,0,7,green,1,670,us,697,0.0,15.3,mww,11.0,67.631,142.508,2013,2
442,6.6,2013-02-09 21:02:00,0,6,green,1,670,us,421,0.0,16.6,mww,18.0,-10.994,165.741,2013,2
443,6.9,2013-02-09 14:16:00,5,5,green,1,904,us,562,0.0,23.7,mww,145.0,1.135,-77.393,2013,2
444,7.1,2013-02-08 15:26:00,9,6,green,1,780,us,334,0.0,16.5,mww,21.0,-10.928,166.018,2013,2
445,6.8,2013-02-08 11:12:00,0,7,green,1,711,us,400,0.0,17.5,mww,12.0,-10.838,165.969,2013,2
446,6.7,2013-02-07 18:59:00,0,6,green,1,691,us,387,0.0,26.5,mww,11.0,-10.997,165.655,2013,2
447,7.0,2013-02-06 01:54:00,0,6,green,0,754,us,445,0.0,17.5,mww,8.8,-10.499,165.588,2013,2
448,7.1,2013-02-06 01:23:00,0,5,green,0,776,us,550,0.0,18.4,mww,10.0,-11.183,164.882,2013,2
449,8.0,2013-02-06 01:12:00,8,7,green,1,993,us,460,0.0,20.9,mww,24.0,-10.799,165.114,2013,2
450,6.9,2013-02-02 14:17:00,6,7,yellow,0,814,us,686,0.0,28.0,mww,107.0,42.77,143.092,2013,2
451,6.8,2013-01-30 20:15:00,6,7,green,0,771,us,596,0.0,19.3,mww,45.0,-28.094,-70.653,2013,1
452,7.5,2013-01-05 08:58:00,6,6,unknown,0,1425,ak,0,0.0,0.0,mw,8.7,55.228,-134.859,2013,1
453,6.7,2012-12-21 22:28:00,0,4,unknown,0,691,us,521,0.0,13.7,mww,200.7,-14.344,167.286,2012,12
454,7.1,2012-12-10 16:53:00,5,5,unknown,0,843,us,517,0.0,8.7,mww,155.0,-6.533,129.825,2012,12
455,7.3,2012-12-07 08:18:00,6,5,unknown,0,1014,us,918,0.0,14.8,mww,31.0,37.89,143.949,2012,12
456,6.5,2012-11-11 22:14:00,4,5,unknown,0,708,us,598,0.0,57.3,mww,20.0,14.129,-92.164,2012,11
457,6.8,2012-11-11 01:12:00,7,6,unknown,0,795,us,391,0.0,13.7,mww,13.7,23.005,95.885,2012,11
458,7.4,2012-11-07 16:35:00,8,7,yellow,0,1455,us,751,0.0,25.5,mww,24.0,13.988,-91.895,2012,11
459,7.8,2012-10-28 03:04:00,8,7,unknown,0,1726,us,807,0.0,42.7,mww,14.0,52.788,-132.101,2012,10
460,6.5,2012-10-24 00:45:00,6,6,unknown,0,745,us,691,0.0,34.4,mww,17.0,10.086,-85.298,2012,10
461,6.6,2012-10-12 00:31:00,3,5,unknown,0,675,us,291,0.0,17.7,mww,13.0,-4.892,134.03,2012,10
462,7.3,2012-09-30 16:31:00,7,6,unknown,0,1221,us,934,0.0,15.5,mww,170.0,1.929,-76.362,2012,9
463,7.6,2012-09-05 14:42:00,8,7,unknown,0,1555,us,703,0.0,34.3,mww,35.0,10.085,-85.315,2012,9
464,7.6,2012-08-31 12:47:00,8,5,unknown,0,1115,us,682,0.0,10.2,mww,28.0,10.811,126.638,2012,8
465,7.3,2012-08-27 04:37:00,5,5,unknown,0,994,us,417,0.0,37.0,mww,28.0,12.139,-88.59,2012,8
466,6.6,2012-08-26 15:05:00,4,5,unknown,0,678,us,497,0.0,14.6,mww,91.1,2.19,126.837,2012,8
467,7.7,2012-08-14 02:59:00,7,4,unknown,0,941,us,862,0.0,13.8,mww,583.2,49.8,145.064,2012,8
468,6.5,2012-07-28 20:03:00,5,6,unknown,0,653,us,576,0.0,11.7,mww,41.0,-4.651,153.173,2012,7
469,6.6,2012-04-28 10:08:00,4,5,unknown,0,675,us,529,0.0,15.7,mww,134.7,-18.685,-174.705,2012,4
470,6.7,2012-04-21 01:16:00,0,7,unknown,0,691,us,370,0.0,15.4,mww,16.0,-1.617,134.276,2012,4
471,6.8,2012-04-17 07:13:00,6,5,unknown,0,732,us,597,0.0,12.6,mww,198.0,-5.462,147.117,2012,4
472,6.7,2012-04-17 03:50:00,0,7,unknown,0,691,us,518,0.0,26.9,mww,29.0,-32.625,-71.365,2012,4
473,7.0,2012-04-12 07:15:00,7,7,unknown,0,1000,us,474,0.0,95.9,mww,13.0,28.696,-113.104,2012,4
474,6.5,2012-04-11 22:55:00,7,6,unknown,0,1171,us,599,0.0,54.1,mwb,20.0,18.229,-102.689,2012,4
475,8.2,2012-04-11 10:43:00,9,6,green,0,1213,us,341,0.0,14.9,mwc,25.1,0.802,92.463,2012,4
476,8.6,2012-04-11 08:38:00,9,7,yellow,0,2048,official,499,0.0,16.6,mw,20.0,2.327,93.063,2012,4
477,7.1,2012-03-25 22:37:00,7,7,unknown,0,1496,us,553,0.0,15.2,mww,40.7,-35.2,-72.217,2012,3
478,6.6,2012-03-21 22:15:00,6,6,unknown,0,709,us,640,0.0,10.1,mww,118.0,-6.242,145.955,2012,3
479,7.4,2012-03-20 18:02:00,9,8,unknown,0,1752,us,672,0.0,37.9,mww,20.0,16.493,-98.231,2012,3
480,6.7,2012-02-26 06:17:00,7,7,unknown,0,833,us,596,0.0,13.4,mww,12.0,51.708,95.991,2012,2
481,6.7,2012-02-06 03:49:00,9,7,unknown,0,1551,us,572,0.0,11.1,mww,11.0,9.999,123.206,2012,2
482,7.1,2012-02-02 13:34:00,5,5,unknown,0,793,us,573,0.0,12.0,mww,23.0,-17.827,167.133,2012,2
483,7.2,2012-01-10 18:36:00,4,4,unknown,0,838,us,443,0.0,17.0,mww,19.0,2.433,93.21,2012,1
484,6.6,2011-12-27 15:21:00,0,7,unknown,0,670,us,545,0.0,17.6,mww,15.0,51.842,95.911,2011,12
485,7.1,2011-12-14 05:04:00,6,6,unknown,0,834,us,485,0.0,10.6,mww,135.0,-7.551,146.809,2011,12
486,6.5,2011-12-11 01:47:00,8,7,unknown,0,1400,us,578,0.0,38.6,mww,59.0,17.986,-99.789,2011,12
487,6.9,2011-10-28 18:54:00,6,7,unknown,0,847,us,474,0.0,46.5,mww,24.0,-14.438,-75.966,2011,10
488,7.1,2011-10-23 10:41:00,9,9,unknown,0,1096,us,693,0.0,19.7,mww,18.0,38.721,43.508,2011,10
489,6.5,2011-10-14 03:35:00,3,6,unknown,0,655,us,423,0.0,12.6,mww,37.0,-6.57,147.881,2011,10
490,6.9,2011-09-18 12:40:00,8,8,unknown,0,1562,us,383,0.0,13.0,mww,50.0,27.73,88.155,2011,9
491,6.7,2011-09-16 19:26:00,5,5,unknown,0,712,us,667,0.0,10.9,mwc,30.0,40.273,142.779,2011,9
492,6.7,2011-09-05 17:55:00,5,6,unknown,0,915,us,447,0.0,15.3,mww,91.0,2.965,97.893,2011,9
493,7.0,2011-09-03 22:55:00,7,5,unknown,0,761,us,406,0.0,15.3,mww,185.1,-20.671,169.716,2011,9
494,7.0,2011-08-24 17:46:00,6,6,unknown,0,913,us,471,0.0,26.9,mww,147.0,-7.641,-74.525,2011,8
495,7.1,2011-08-20 18:19:00,5,6,unknown,0,787,us,564,0.0,12.3,mww,28.0,-18.311,168.218,2011,8
496,6.5,2011-08-20 17:13:00,0,5,unknown,0,650,us,322,0.0,15.0,mwc,35.0,-18.308,168.156,2011,8
497,7.2,2011-08-20 16:55:00,8,6,unknown,0,813,us,280,0.0,18.4,mww,32.0,-18.365,168.143,2011,8
498,6.6,2011-07-31 23:38:00,3,6,unknown,0,674,us,229,0.0,16.6,mww,10.0,-3.518,144.828,2011,7
499,7.6,2011-07-06 19:03:00,3,7,unknown,0,893,us,567,0.0,33.5,mww,17.0,-29.539,-176.34,2011,7
500,6.7,2011-06-22 21:50:00,6,6,unknown,0,749,us,592,0.0,24.9,mww,33.0,39.955,142.205,2011,6
501,6.8,2011-05-10 08:55:00,4,5,unknown,0,734,us,519,0.0,12.5,mww,11.0,-20.244,168.226,2011,5
502,6.8,2011-04-23 04:16:00,5,6,unknown,0,719,us,445,0.0,13.0,mww,79.0,-10.375,161.2,2011,4
503,6.6,2011-04-11 08:16:00,7,7,unknown,0,822,us,586,0.0,10.1,mww,11.0,37.001,140.401,2011,4
504,7.1,2011-04-07 14:32:00,8,8,unknown,0,1114,us,446,0.0,17.7,mww,42.0,38.276,141.588,2011,4
505,6.6,2011-04-07 13:11:00,7,6,unknown,0,897,us,518,0.0,37.2,mww,166.2,17.208,-94.338,2011,4
506,6.9,2011-03-24 13:55:00,7,9,unknown,0,1154,us,335,0.0,18.2,mww,8.0,20.687,99.822,2011,3
507,6.6,2011-03-11 11:36:00,6,5,unknown,0,673,us,668,0.0,9.5,ms,25.7,39.241,142.463,2011,3
508,6.5,2011-03-11 08:19:00,0,4,unknown,0,650,us,369,0.0,18.7,mb,6.8,36.166,141.562,2011,3
509,7.7,2011-03-11 06:25:00,7,4,unknown,0,931,us,507,0.0,10.8,mwc,18.6,38.058,144.59,2011,3
510,7.9,2011-03-11 06:15:00,8,7,unknown,0,1140,us,163,0.0,48.4,mwc,42.6,36.281,141.111,2011,3
511,9.1,2011-03-11 05:46:00,9,8,unknown,0,2184,official,541,0.0,9.5,mww,29.0,38.297,142.373,2011,3
512,7.3,2011-03-09 02:45:00,5,5,unknown,0,972,us,550,0.0,17.4,mww,32.0,38.435,142.842,2011,3
513,6.7,2011-02-14 03:40:00,5,6,unknown,0,731,us,358,0.0,33.9,mww,21.0,-35.38,-72.834,2011,2
514,6.9,2011-02-11 20:05:00,7,7,unknown,0,988,us,382,0.0,34.7,mww,26.0,-36.422,-72.96,2011,2
515,7.2,2011-01-18 20:23:00,7,7,unknown,0,1449,us,372,0.0,25.3,mww,68.0,28.777,63.951,2011,1
516,7.0,2011-01-13 16:16:00,2,5,unknown,0,755,us,578,0.0,13.3,mww,9.0,-20.628,168.471,2011,1
517,7.2,2011-01-02 20:20:00,8,7,unknown,0,1054,us,397,0.0,30.1,mww,24.0,-38.355,-73.326,2011,1
518,7.3,2010-12-25 13:16:00,0,5,unknown,0,820,us,409,0.0,12.0,mwc,16.0,-19.702,167.947,2010,12
519,6.7,2010-12-20 18:41:00,3,7,unknown,0,708,us,279,0.0,24.3,mwc,12.0,28.412,59.18,2010,12
520,6.6,2010-12-02 03:12:00,0,6,unknown,0,670,us,306,0.0,18.5,mwb,33.0,-6.001,149.977,2010,12
521,7.8,2010-10-25 14:42:00,4,7,unknown,0,946,us,379,0.0,23.0,mwc,20.1,-3.487,100.082,2010,10
522,6.7,2010-10-21 17:53:00,5,5,unknown,0,776,us,352,0.0,50.3,mwc,13.0,24.696,-109.156,2010,10
523,7.0,2010-09-29 17:11:00,8,5,unknown,0,772,us,271,0.0,15.1,mwc,26.0,-4.963,133.76,2010,9
524,7.0,2010-09-03 16:35:00,8,8,unknown,0,1245,us,365,0.0,15.8,mwc,12.0,-43.522,171.83,2010,9
525,7.1,2010-08-12 11:54:00,6,5,unknown,0,945,us,672,0.0,12.4,mwc,206.7,-1.266,-77.306,2010,8
526,7.3,2010-08-10 05:23:00,7,7,unknown,0,850,us,405,0.0,20.2,mwc,25.0,-17.541,168.069,2010,8
527,7.0,2010-08-04 22:01:00,4,6,unknown,0,757,us,396,0.0,12.7,mww,44.0,-5.746,150.765,2010,8
528,6.5,2010-08-04 07:15:00,5,4,unknown,0,659,us,403,0.0,11.1,mwc,220.0,-5.486,146.822,2010,8
529,7.6,2010-07-23 22:51:00,5,3,unknown,0,902,us,340,0.0,15.1,mwc,578.0,6.497,123.48,2010,7
530,7.3,2010-07-18 13:34:00,8,7,unknown,0,831,us,397,0.0,18.2,mwc,35.0,-5.931,150.59,2010,7
531,6.9,2010-07-18 13:04:00,4,7,unknown,0,737,us,456,0.0,15.7,mwc,28.0,-5.966,150.428,2010,7
532,6.6,2010-07-14 08:32:00,6,7,unknown,0,753,us,295,0.0,52.8,mwc,22.0,-38.067,-73.31,2010,7
533,6.7,2010-06-26 05:30:00,5,6,unknown,0,696,us,392,0.0,18.7,mwc,35.0,-10.627,161.447,2010,6
534,6.6,2010-06-16 03:58:00,0,7,unknown,0,670,us,309,0.0,25.0,mwc,10.5,-2.329,136.484,2010,6
535,7.0,2010-06-16 03:16:00,3,7,unknown,0,755,us,307,0.0,18.1,mwc,18.0,-2.174,136.543,2010,6
536,7.5,2010-06-12 19:26:00,6,5,unknown,0,1144,us,514,0.0,18.6,mwc,35.0,7.881,91.936,2010,6
537,7.2,2010-05-27 17:14:00,5,6,unknown,0,804,us,327,0.0,11.7,mwc,31.0,-13.698,166.643,2010,5
538,7.2,2010-05-09 05:59:00,5,6,unknown,0,918,us,611,0.0,20.6,mwc,38.0,3.748,96.018,2010,5
539,6.9,2010-04-13 23:49:00,6,9,unknown,0,773,us,410,0.0,14.9,mwc,17.0,33.165,96.548,2010,4
540,6.9,2010-04-11 09:40:00,4,5,unknown,0,740,us,399,0.0,12.1,mwc,21.0,-10.878,161.116,2010,4
541,7.8,2010-04-06 22:15:00,0,7,unknown,0,936,us,352,0.0,19.2,mwc,31.0,2.383,97.048,2010,4
542,7.2,2010-04-04 22:40:00,9,9,red,0,2910,ci,10,0.5137,239.0,mw,9.987,32.2862,-115.295,2010,4
543,6.6,2010-03-30 16:54:00,5,6,unknown,0,701,us,413,0.0,16.7,mwc,34.0,13.667,92.831,2010,3
544,6.7,2010-03-16 02:21:00,5,6,unknown,0,856,us,312,0.0,34.7,mwc,18.0,-36.217,-73.257,2010,3
545,6.5,2010-03-14 08:08:00,6,5,unknown,0,810,us,491,0.0,27.0,mwc,32.0,37.745,141.59,2010,3
546,7.0,2010-03-11 14:55:00,7,7,unknown,0,874,us,403,0.0,17.1,mwc,18.0,-34.326,-71.799,2010,3
547,6.9,2010-03-11 14:39:00,7,7,unknown,0,1280,us,415,0.0,12.5,mwc,11.0,-34.29,-71.891,2010,3
548,6.8,2010-03-05 16:07:00,4,6,unknown,0,717,us,401,0.0,23.2,mwc,26.0,-3.762,100.991,2010,3
549,6.6,2010-03-05 11:47:00,7,7,unknown,0,736,us,255,0.0,27.8,mwb,18.0,-36.665,-73.374,2010,3
550,6.5,2010-03-04 14:02:00,0,4,unknown,0,650,us,426,0.0,18.7,mwb,176.0,-13.571,167.227,2010,3
551,7.4,2010-02-27 08:01:00,0,5,unknown,0,842,us,409,0.0,17.6,mwc,35.0,-37.773,-75.048,2010,2
552,8.8,2010-02-27 06:34:00,8,8,unknown,0,1991,official,454,0.0,17.8,mww,22.9,-36.122,-72.898,2010,2
553,7.0,2010-02-26 20:31:00,6,6,unknown,0,1180,us,487,0.0,15.7,mwc,25.0,25.93,128.425,2010,2
554,7.0,2010-01-12 21:53:00,9,9,unknown,0,1623,us,500,0.0,22.7,mwc,13.0,18.443,-72.571,2010,1
555,6.5,2010-01-10 00:27:00,7,7,unknown,0,1360,nc,51,0.3225,220.0,mw,28.737,40.652,-124.692,2010,1
556,6.8,2010-01-05 12:15:00,3,6,unknown,0,713,us,338,0.0,15.0,mwc,15.4,-9.019,157.551,2010,1
557,7.1,2010-01-03 22:36:00,5,7,unknown,0,780,us,377,0.0,15.0,mwc,10.0,-8.783,157.354,2010,1
558,6.6,2010-01-03 21:48:00,5,7,unknown,0,672,us,282,0.0,16.6,mwc,10.0,-8.726,157.487,2010,1
559,6.5,2009-11-13 03:05:00,6,7,unknown,0,698,us,390,0.0,17.7,mwc,27.0,-19.394,-70.321,2009,11
560,7.3,2009-11-09 10:44:00,0,4,unknown,0,820,us,430,0.0,15.0,mwc,595.0,-17.239,178.331,2009,11
561,6.6,2009-11-08 19:41:00,7,6,unknown,0,677,us,305,0.0,20.4,mwc,18.0,-8.207,118.631,2009,11
562,6.8,2009-10-30 07:03:00,0,6,unknown,0,711,us,424,0.0,21.4,mwc,34.0,29.218,129.782,2009,10
563,6.9,2009-10-24 14:40:00,4,6,unknown,0,972,us,397,0.0,11.0,mwc,130.0,-6.133,130.385,2009,10
564,6.8,2009-10-08 08:28:00,0,5,unknown,0,711,us,174,0.0,30.2,mwc,35.0,-13.298,165.91,2009,10
565,7.4,2009-10-07 23:13:00,0,7,unknown,0,842,us,314,0.0,20.2,mwc,31.1,-13.093,166.497,2009,10
566,7.8,2009-10-07 22:18:00,0,6,unknown,0,936,us,195,0.0,20.3,mwc,35.0,-12.517,166.382,2009,10
567,7.7,2009-10-07 22:03:00,4,7,unknown,0,916,us,283,0.0,23.2,mww,45.0,-13.006,166.51,2009,10
568,6.6,2009-10-01 01:52:00,7,7,unknown,0,787,us,417,0.0,30.1,mwc,9.0,-2.482,101.524,2009,10
569,7.6,2009-09-30 10:16:00,8,8,unknown,0,1639,us,498,0.0,14.0,mwc,81.0,-0.72,99.867,2009,9
570,8.1,2009-09-29 17:48:00,7,6,unknown,0,1055,us,520,0.0,20.8,mwc,18.0,-15.489,-172.095,2009,9
571,7.0,2009-09-02 07:55:00,7,7,unknown,0,1175,us,312,0.0,16.3,mwc,46.0,-7.782,107.297,2009,9
572,6.7,2009-08-16 07:38:00,5,6,unknown,0,753,us,369,0.0,14.9,mwc,20.0,-1.479,99.49,2009,8
573,6.6,2009-08-12 22:48:00,4,5,unknown,0,703,us,336,0.0,14.1,mwc,53.0,32.821,140.395,2009,8
574,7.5,2009-08-10 19:55:00,7,6,unknown,0,1248,us,303,0.0,18.2,mwc,24.0,14.099,92.902,2009,8
575,7.1,2009-08-09 10:55:00,5,4,unknown,0,1005,us,447,0.0,14.2,mwc,292.0,33.167,137.944,2009,8
576,6.9,2009-08-03 17:59:00,5,7,unknown,0,1202,us,243,0.0,35.0,mwc,10.0,29.039,-112.903,2009,8
577,7.8,2009-07-15 09:22:00,6,8,unknown,0,1165,us,434,0.0,16.8,mwc,12.0,-45.762,166.562,2009,7
578,6.7,2009-06-23 14:19:00,5,5,unknown,0,693,us,269,0.0,13.8,mwc,64.0,-5.157,153.782,2009,6
579,7.3,2009-05-28 08:24:00,7,8,unknown,0,1560,us,464,0.0,27.2,mwc,19.0,16.731,-86.217,2009,5
580,7.6,2009-03-19 18:17:00,7,5,unknown,0,916,us,504,0.0,14.0,mwc,31.0,-23.043,-174.66,2009,3
581,7.2,2009-02-11 17:34:00,3,7,unknown,0,802,us,432,0.0,18.6,mwc,20.0,3.886,126.387,2009,2
582,7.4,2009-01-03 22:33:00,7,7,unknown,0,846,us,314,0.0,21.1,mwc,23.0,-0.691,133.305,2009,1
583,6.6,2009-01-03 20:23:00,5,4,unknown,0,765,us,344,0.0,22.6,mwc,204.8,36.419,70.743,2009,1
584,7.7,2009-01-03 19:43:00,5,7,unknown,0,918,us,288,0.0,29.8,mwc,17.0,-0.414,132.885,2009,1
585,7.4,2008-11-16 17:02:00,9,7,unknown,0,848,us,365,0.0,33.7,mww,30.0,1.271,122.091,2008,11
586,6.7,2008-10-16 19:41:00,5,6,unknown,0,731,us,481,0.0,28.6,mwc,24.0,14.423,-92.364,2008,10
587,6.7,2008-10-05 15:52:00,0,6,unknown,0,691,us,529,0.0,22.3,mwc,27.4,39.533,73.824,2008,10
588,6.8,2008-09-11 00:20:00,0,6,unknown,0,711,us,500,0.0,22.2,mwc,25.0,41.892,143.754,2008,9
589,6.6,2008-09-11 00:00:00,0,6,unknown,0,670,us,463,0.0,14.1,mwc,96.0,1.885,127.363,2008,9
590,6.9,2008-09-08 18:52:00,0,6,unknown,0,732,us,531,0.0,14.9,mwc,110.0,-13.501,166.967,2008,9
591,6.7,2008-08-25 13:21:00,4,7,unknown,0,692,us,325,0.0,28.0,mwc,12.0,30.901,83.52,2008,8
592,6.8,2008-07-23 15:26:00,8,7,unknown,0,1046,us,633,0.0,20.2,mwc,108.0,39.802,141.464,2008,7
593,7.0,2008-07-19 02:39:00,5,5,unknown,0,840,us,577,0.0,18.2,mwc,22.0,37.552,142.214,2008,7
594,6.9,2008-07-19 02:39:00,5,5,unknown,0,825,duputel,0,0.0,0.0,mww,25.5,37.55,142.714,2008,7
595,6.6,2008-06-27 11:40:00,4,5,unknown,0,680,us,630,0.0,18.4,mwc,17.0,11.005,91.824,2008,6
596,6.9,2008-06-13 23:43:00,7,8,unknown,0,888,us,654,0.0,17.1,mwc,7.8,39.03,140.881,2008,6
597,7.9,2008-05-12 06:28:00,9,9,unknown,0,1870,us,774,0.0,11.3,mwc,19.0,31.002,103.322,2008,5
598,6.9,2008-05-07 16:45:00,5,5,unknown,0,910,us,519,0.0,21.1,mwc,27.0,36.164,141.526,2008,5
599,7.3,2008-04-09 12:46:00,0,6,unknown,0,820,us,486,0.0,13.4,mwc,33.0,-20.071,168.892,2008,4
600,7.2,2008-03-20 22:32:00,0,7,unknown,0,798,us,532,0.0,25.9,mwc,10.0,35.49,81.467,2008,3
601,6.9,2008-03-03 14:11:00,4,5,unknown,0,740,us,544,0.0,25.9,mwc,24.0,13.351,125.63,2008,3
602,6.7,2008-02-25 21:02:00,5,6,unknown,0,696,us,543,0.0,15.1,mwc,25.0,-2.245,99.808,2008,2
603,6.6,2008-02-25 18:06:00,4,6,unknown,0,674,us,421,0.0,17.7,mwc,25.0,-2.332,99.891,2008,2
604,7.2,2008-02-25 08:36:00,4,7,unknown,0,832,us,505,0.0,18.4,mwc,25.0,-2.486,99.972,2008,2
605,6.5,2008-02-24 14:46:00,4,6,unknown,0,654,us,429,0.0,28.3,mwc,22.0,-2.405,99.931,2008,2
606,7.4,2008-02-20 08:08:00,5,7,unknown,0,914,us,607,0.0,16.4,mwc,26.0,2.768,95.964,2008,2
607,6.5,2008-02-14 12:08:00,8,5,unknown,0,692,us,650,0.0,30.7,mwc,28.0,36.345,21.863,2008,2
608,6.9,2008-02-14 10:09:00,6,6,unknown,0,941,us,645,0.0,30.6,mwc,29.0,36.501,21.67,2008,2
609,6.5,2008-02-12 12:50:00,7,6,unknown,0,723,us,521,0.0,27.6,mwc,83.0,16.357,-94.304,2008,2
610,6.6,2007-12-20 07:55:00,7,6,unknown,0,808,us,461,0.0,18.8,mwc,20.0,-39.011,178.291,2007,12
611,6.7,2007-12-16 08:09:00,5,7,unknown,0,704,us,481,0.0,30.3,mwb,45.0,-22.954,-70.182,2007,12
612,7.4,2007-11-29 19:00:00,7,7,unknown,0,1542,us,663,0.0,13.4,mwb,156.0,14.944,-61.274,2007,11
613,6.6,2007-11-27 11:49:00,3,6,unknown,0,672,us,280,0.0,26.9,mwc,16.0,-10.95,162.149,2007,11
614,6.5,2007-11-25 19:53:00,5,7,unknown,0,653,us,272,0.0,27.6,mwc,18.0,-8.224,118.467,2007,11
615,6.5,2007-11-25 16:02:00,7,7,unknown,0,657,us,353,0.0,27.5,mwc,20.0,-8.292,118.37,2007,11
616,6.8,2007-11-22 08:48:00,6,6,unknown,0,722,us,341,0.0,15.9,mwc,53.0,-5.757,147.098,2007,11
617,6.8,2007-11-16 03:13:00,7,6,unknown,0,790,us,649,0.0,27.0,mwc,122.9,-2.312,-77.838,2007,11
618,6.8,2007-11-15 15:05:00,6,7,unknown,0,716,us,285,0.0,40.1,mwc,26.0,-22.925,-70.237,2007,11
619,7.7,2007-11-14 15:40:00,8,7,unknown,0,995,us,610,0.0,22.4,mwc,40.0,-22.247,-69.89,2007,11
620,6.8,2007-10-24 21:02:00,3,5,unknown,0,713,us,494,0.0,23.9,mwc,21.0,-3.899,101.02,2007,10
621,6.8,2007-10-15 12:29:00,4,7,unknown,0,744,us,338,0.0,19.0,mwc,18.0,-44.796,167.553,2007,10
622,6.8,2007-09-26 12:36:00,4,5,unknown,0,713,us,348,0.0,15.5,mwc,40.0,-4.99,153.5,2007,9
623,6.7,2007-09-20 08:31:00,3,5,unknown,0,696,us,503,0.0,26.9,mwc,30.0,-1.999,100.141,2007,9
624,7.0,2007-09-13 03:35:00,4,7,unknown,0,768,us,537,0.0,23.1,mwc,22.0,-2.13,99.627,2007,9
625,6.5,2007-09-13 02:30:00,0,5,unknown,0,650,us,409,0.0,26.2,mwc,28.9,-1.689,99.668,2007,9
626,7.9,2007-09-12 23:49:00,8,7,unknown,0,1133,us,446,0.0,29.1,mwc,35.0,-2.625,100.841,2007,9
627,7.8,2007-09-12 23:49:00,7,8,unknown,0,1152,duputel,0,0.0,0.0,mww,40.5,-2.52,100.139,2007,9
628,8.4,2007-09-12 11:10:00,0,6,unknown,0,1086,official,411,0.0,32.3,mww,34.0,-4.438,101.367,2007,9
629,6.8,2007-09-10 01:49:00,5,6,unknown,0,747,us,653,0.0,17.6,mwc,15.0,2.966,-77.963,2007,9
630,7.2,2007-09-02 01:05:00,0,5,unknown,0,798,us,312,0.0,21.3,mwc,35.0,-11.61,165.762,2007,9
631,6.5,2007-08-16 08:39:00,5,6,unknown,0,675,us,382,0.0,12.8,mwc,15.0,-9.834,159.465,2007,8
632,8.0,2007-08-15 23:40:00,9,8,unknown,0,1385,us,625,0.0,25.7,mwc,39.0,-13.386,-76.603,2007,8
633,7.5,2007-08-08 17:05:00,0,5,unknown,0,865,us,228,0.0,30.7,mwc,280.0,-5.859,107.419,2007,8
634,7.2,2007-08-01 17:08:00,7,7,unknown,0,803,us,494,0.0,20.4,mwb,120.0,-15.595,167.68,2007,8
635,6.9,2007-07-26 05:40:00,3,5,unknown,0,734,us,374,0.0,24.1,mwb,25.0,2.872,127.464,2007,7
636,6.8,2007-07-16 14:17:00,5,4,unknown,0,779,us,664,0.0,18.2,mwb,350.4,36.808,134.85,2007,7
637,6.6,2007-07-16 01:13:00,8,8,unknown,0,831,us,782,0.0,16.7,mwc,12.0,37.535,138.446,2007,7
638,6.7,2007-06-13 19:29:00,6,6,unknown,0,972,us,468,0.0,37.7,mwc,23.0,13.554,-90.618,2007,6
639,6.9,2007-04-01 21:11:00,0,7,unknown,0,732,us,305,0.0,15.3,mwc,10.0,-7.306,155.741,2007,4
640,6.6,2007-04-01 20:47:00,0,7,unknown,0,670,us,251,0.0,16.0,mb,10.0,-7.169,155.777,2007,4
641,8.1,2007-04-01 20:39:00,9,8,unknown,0,1025,us,439,0.0,14.7,mwc,24.0,-8.466,157.043,2007,4
642,6.7,2007-03-25 00:41:00,7,8,unknown,0,782,us,493,0.0,23.9,mwc,8.0,37.336,136.588,2007,3
643,7.1,2007-03-25 00:40:00,3,6,unknown,0,779,us,426,0.0,25.3,mwb,34.0,-20.617,169.357,2007,3
644,6.7,2007-02-20 08:04:00,0,6,unknown,0,691,us,253,0.0,40.3,mwc,12.0,-1.034,126.976,2007,2
645,7.5,2007-01-21 11:27:00,6,5,unknown,0,874,us,570,0.0,21.6,mwc,22.0,1.065,126.282,2007,1
646,8.1,2007-01-13 04:23:00,4,5,unknown,0,1034,us,606,0.0,14.0,mwc,10.0,46.243,154.524,2007,1
647,6.9,2006-12-26 12:34:00,6,7,unknown,0,798,us,466,0.0,31.6,mwc,10.0,21.974,120.493,2006,12
648,7.1,2006-12-26 12:26:00,8,7,unknown,0,1023,us,744,0.0,29.1,mwb,10.0,21.799,120.547,2006,12
649,8.3,2006-11-15 11:14:00,4,7,unknown,0,1064,us,576,0.0,20.9,mwc,10.0,46.592,153.266,2006,11
650,6.6,2006-11-07 17:38:00,0,6,unknown,0,670,us,352,0.0,18.6,mwc,11.0,-6.482,151.195,2006,11
651,6.7,2006-10-20 10:48:00,5,6,unknown,0,732,us,444,0.0,53.4,mwc,23.0,-13.457,-76.677,2006,10
652,6.7,2006-10-17 01:25:00,5,6,unknown,0,692,us,533,0.0,15.6,mwc,32.0,-5.881,150.982,2006,10
653,6.7,2006-10-15 17:07:00,8,9,unknown,0,1481,hv,43,0.0,124.0,md,38.182,19.877,-155.935,2006,10
654,6.9,2006-09-28 06:22:00,3,3,unknown,0,737,us,702,0.0,20.9,mwc,28.0,-16.592,-172.033,2006,9
655,6.8,2006-09-01 10:18:00,0,6,unknown,0,711,us,459,0.0,28.4,mwb,38.0,-6.759,155.512,2006,9
656,6.5,2006-08-24 21:50:00,0,6,unknown,0,650,us,700,0.0,47.4,mwb,43.0,51.148,157.522,2006,8
657,6.8,2006-08-07 22:18:00,5,5,unknown,0,713,us,551,0.0,26.2,mwb,150.0,-15.798,167.789,2006,8
658,7.7,2006-07-17 08:19:00,7,5,unknown,0,947,us,357,0.0,36.8,mwc,20.0,-9.284,107.419,2006,7
659,6.5,2006-05-28 03:12:00,0,6,unknown,0,650,us,477,0.0,20.3,mwc,34.0,-5.724,151.133,2006,5
660,6.6,2006-05-22 11:12:00,0,7,unknown,0,670,us,548,0.0,28.0,mwc,19.0,60.772,165.743,2006,5
661,6.8,2006-05-16 15:28:00,4,5,unknown,0,719,us,701,0.0,16.3,mwb,12.0,0.093,97.05,2006,5
662,8.0,2006-05-03 15:26:00,7,7,unknown,0,1013,us,626,0.0,20.7,mwc,55.0,-20.187,-174.123,2006,5
663,8.0,2006-05-03 15:26:00,8,9,unknown,0,1026,duputel,0,0.0,0.0,mww,60.5,-19.99,-173.907,2006,5
664,6.5,2006-04-30 21:40:00,7,7,unknown,0,653,us,282,0.0,46.3,mwc,12.0,-27.211,-71.056,2006,4
665,6.7,2006-04-30 19:17:00,6,7,unknown,0,696,us,277,0.0,25.6,mwb,12.0,-27.017,-71.022,2006,4
666,6.6,2006-04-29 16:58:00,0,8,unknown,0,670,us,645,0.0,28.4,mwc,11.0,60.491,167.516,2006,4
667,7.6,2006-04-20 23:25:00,0,8,unknown,0,889,us,579,0.0,18.5,mwc,22.0,60.949,167.089,2006,4
668,6.5,2006-04-07 08:30:00,3,5,unknown,0,654,us,247,0.0,25.5,mwc,14.0,-16.527,176.989,2006,4
669,6.7,2006-03-14 06:57:00,0,7,unknown,0,691,us,306,0.0,21.3,mwb,30.1,-3.595,127.214,2006,3
670,7.0,2006-02-22 22:19:00,5,9,unknown,0,891,us,412,0.0,23.2,mwb,11.0,-21.324,33.583,2006,2
671,6.7,2006-01-08 11:34:00,7,6,unknown,0,934,us,769,0.0,19.7,mwb,66.0,36.311,23.212,2006,1
672,6.6,2006-01-04 08:32:00,7,6,unknown,0,703,us,323,0.0,48.2,mwc,14.0,28.164,-112.117,2006,1
673,6.5,2005-12-12 21:47:00,6,5,unknown,0,721,us,529,0.0,20.5,mwb,224.6,36.357,71.093,2005,12
674,6.8,2005-12-05 12:19:00,5,7,unknown,0,744,us,561,0.0,20.0,mwc,22.0,-6.224,29.83,2005,12
675,6.5,2005-12-02 13:13:00,4,5,unknown,0,683,us,464,0.0,48.8,mwc,29.0,38.089,142.122,2005,12
676,6.5,2005-11-19 14:10:00,3,6,unknown,0,651,us,358,0.0,20.7,mwb,21.0,2.164,96.786,2005,11
677,6.8,2005-11-17 19:26:00,0,6,unknown,0,711,us,509,0.0,30.1,mwb,147.0,-22.361,-67.895,2005,11
678,7.6,2005-10-08 03:50:00,9,9,unknown,0,1267,us,724,0.0,21.1,mwc,26.0,34.539,73.588,2005,10
679,6.6,2005-09-29 15:50:00,0,6,unknown,0,670,us,402,0.0,17.7,mwc,25.0,-5.437,151.84,2005,9
680,7.5,2005-09-26 01:55:00,8,7,unknown,0,1018,us,696,0.0,26.2,mwb,115.0,-5.678,-76.398,2005,9
681,7.6,2005-09-09 07:26:00,5,7,unknown,0,891,us,502,0.0,20.0,mwc,90.0,-4.539,153.474,2005,9
682,7.2,2005-08-16 02:46:00,7,7,unknown,0,1104,us,698,0.0,19.6,mwc,36.0,38.276,142.039,2005,8
683,7.2,2005-07-24 15:42:00,4,5,unknown,0,808,us,636,0.0,26.4,mwc,16.0,7.92,92.19,2005,7
684,6.7,2005-07-05 01:52:00,3,6,unknown,0,693,us,398,0.0,22.3,mwc,21.0,1.819,97.082,2005,7
685,6.6,2005-07-02 02:16:00,6,5,unknown,0,719,us,446,0.0,21.1,mwc,27.0,11.245,-86.172,2005,7
686,7.2,2005-06-15 02:50:00,5,4,unknown,0,1318,us,420,0.0,31.4,mwc,16.0,41.292,-125.953,2005,6
687,7.8,2005-06-13 22:44:00,8,7,unknown,0,1020,us,714,0.0,16.1,mwb,115.6,-19.987,-69.197,2005,6
688,6.9,2005-05-19 01:54:00,5,7,unknown,0,740,us,635,0.0,26.0,mwc,30.0,1.989,97.041,2005,5
689,6.7,2005-05-14 05:05:00,6,5,unknown,0,731,us,695,0.0,20.9,mwb,34.0,0.587,98.459,2005,5
690,6.5,2005-04-10 11:14:00,3,6,unknown,0,657,us,478,0.0,21.2,mwc,30.0,-1.714,99.779,2005,4
691,6.7,2005-04-10 10:29:00,5,6,unknown,0,717,us,656,0.0,21.2,mwc,19.0,-1.644,99.607,2005,4
692,8.6,2005-03-28 16:09:00,0,8,unknown,0,1138,official,510,0.0,22.1,mww,30.0,2.085,97.108,2005,3
693,6.6,2005-03-20 01:53:00,8,7,unknown,0,805,us,401,0.0,22.9,mwc,10.0,33.807,130.131,2005,3
694,7.1,2005-03-02 10:42:00,0,5,unknown,0,776,us,569,0.0,18.1,mwb,201.7,-6.527,129.933,2005,3
695,6.8,2005-02-26 12:56:00,0,6,unknown,0,711,us,444,0.0,33.8,mwb,36.0,2.908,95.592,2005,2
696,6.5,2005-02-19 00:04:00,0,7,unknown,0,650,us,371,0.0,31.8,mwb,10.0,-5.562,122.129,2005,2
697,6.5,2005-02-15 14:42:00,3,5,unknown,0,652,us,286,0.0,47.3,mwc,39.7,4.756,126.421,2005,2
698,6.7,2005-02-08 14:48:00,0,4,unknown,0,691,us,457,0.0,30.2,mwb,206.3,-14.252,167.259,2005,2
699,7.1,2005-02-05 12:23:00,7,3,unknown,0,782,us,640,0.0,26.4,mwc,525.0,5.293,123.337,2005,2
700,6.6,2005-01-19 06:11:00,6,4,unknown,0,676,us,225,0.0,78.5,mwc,27.8,34.064,141.491,2005,1
701,6.6,2004-12-26 09:20:00,0,5,unknown,0,670,us,353,0.0,31.9,mwc,16.1,8.879,92.375,2004,12
702,7.2,2004-12-26 04:21:00,5,6,unknown,0,802,us,385,0.0,27.9,mwc,39.2,6.91,92.958,2004,12
703,9.1,2004-12-26 00:58:00,0,8,unknown,0,1274,official,601,0.0,22.0,mw,30.0,3.295,95.982,2004,12
704,8.1,2004-12-23 14:59:00,0,5,unknown,0,1009,us,331,0.0,59.3,mwc,10.0,-49.312,161.345,2004,12
705,6.8,2004-12-14 23:20:00,5,6,unknown,0,858,us,639,0.0,21.8,mwb,10.0,18.958,-81.409,2004,12
706,6.8,2004-12-06 14:15:00,4,7,unknown,0,724,us,759,0.0,23.6,mwb,35.0,42.9,145.228,2004,12
707,7.0,2004-11-28 18:32:00,4,7,unknown,0,771,us,929,0.0,23.9,mwb,39.0,43.006,145.119,2004,11
708,7.1,2004-11-26 02:25:00,0,7,unknown,0,776,us,439,0.0,28.8,mwc,10.0,-3.609,135.404,2004,11
709,7.1,2004-11-22 20:26:00,5,5,unknown,0,782,us,585,0.0,14.7,mwc,10.0,-46.676,164.721,2004,11
710,7.2,2004-11-15 09:06:00,8,8,unknown,0,820,us,708,0.0,50.2,mwb,15.0,4.695,-77.508,2004,11
711,7.5,2004-11-11 21:26:00,5,7,unknown,0,870,us,301,0.0,33.8,mwc,10.0,-8.152,124.868,2004,11
712,6.7,2004-11-11 17:34:00,0,6,unknown,0,691,us,233,0.0,21.5,mwb,10.0,-11.128,162.208,2004,11
713,6.7,2004-11-02 10:02:00,7,4,unknown,0,703,us,459,0.0,37.3,mwb,10.0,49.277,-128.772,2004,11
714,6.6,2004-10-23 08:56:00,0,8,unknown,0,670,us,782,0.0,37.0,mwc,16.0,37.226,138.779,2004,10
715,6.7,2004-10-15 04:08:00,5,6,unknown,0,705,us,698,0.0,24.7,mwb,94.0,24.53,122.694,2004,10
716,7.0,2004-10-09 21:26:00,0,6,unknown,0,754,us,441,0.0,32.2,mwc,35.0,11.422,-86.665,2004,10
717,6.5,2004-10-08 14:36:00,5,5,unknown,0,665,us,526,0.0,18.3,mwb,105.0,13.925,120.534,2004,10
718,6.8,2004-10-08 08:27:00,0,6,unknown,0,711,us,545,0.0,15.7,mwb,36.0,-10.951,162.161,2004,10
719,6.6,2004-09-06 23:29:00,0,4,unknown,0,670,us,478,0.0,29.8,mwc,10.0,33.205,137.227,2004,9
720,7.4,2004-09-05 14:57:00,0,5,unknown,0,842,us,594,0.0,27.5,mwb,10.0,33.184,137.071,2004,9
721,7.2,2004-09-05 10:07:00,0,5,unknown,0,798,us,643,0.0,28.4,mwc,14.0,33.07,136.618,2004,9
722,6.5,2004-08-28 13:41:00,0,7,unknown,0,650,us,349,0.0,30.1,mwb,5.0,-35.173,-70.525,2004,8
723,6.5,2004-07-28 03:56:00,0,7,unknown,0,650,us,305,0.0,39.0,mwc,13.4,-0.443,133.091,2004,7
724,6.9,2004-06-10 15:19:00,0,5,unknown,0,732,us,798,0.0,31.2,mwb,188.6,55.682,160.003,2004,6
725,6.6,2004-05-03 04:36:00,0,7,unknown,0,670,us,282,0.0,46.9,mwb,21.0,-37.695,-73.406,2004,5
726,6.7,2004-04-23 01:50:00,0,5,unknown,0,691,us,386,0.0,27.6,mwb,65.8,-9.362,122.839,2004,4
727,6.5,2004-04-09 15:23:00,0,4,unknown,0,650,us,424,0.0,29.9,mwb,228.4,-13.174,167.198,2004,4
728,6.6,2004-04-05 21:24:00,0,4,unknown,0,670,us,728,0.0,18.3,mwb,187.1,36.512,71.029,2004,4
729,6.7,2004-02-08 08:58:00,0,7,unknown,0,691,us,256,0.0,33.3,mwc,25.7,-3.665,135.339,2004,2
730,7.3,2004-02-07 02:42:00,0,7,unknown,0,820,us,390,0.0,23.0,mwb,10.0,-4.003,135.023,2004,2
731,7.0,2004-02-05 21:05:00,0,7,unknown,0,754,us,367,0.0,33.0,mwc,16.6,-3.615,135.538,2004,2
732,6.7,2004-01-28 22:15:00,0,6,unknown,0,691,us,243,0.0,42.5,mwb,17.4,-3.12,127.4,2004,1
733,7.3,2003-12-27 16:00:00,0,4,unknown,0,820,us,235,0.0,46.6,mwc,10.0,-22.015,169.766,2003,12
734,6.6,2003-12-26 01:56:00,0,9,unknown,0,670,us,552,0.0,44.8,mwc,10.0,28.995,58.311,2003,12
735,6.5,2003-12-25 07:11:00,0,6,unknown,0,650,us,405,0.0,48.4,mwb,33.0,8.416,-82.824,2003,12
736,6.5,2003-12-22 19:15:00,7,9,unknown,0,1390,nc,65,0.04685,71.0,mw,8.382,35.7005,-121.101,2003,12
737,6.8,2003-12-10 04:38:00,0,7,unknown,0,711,us,447,0.0,27.7,mwb,10.0,23.039,121.362,2003,12
738,6.6,2003-11-25 20:19:00,0,6,unknown,0,670,us,384,0.0,25.1,mwb,35.0,-5.581,150.88,2003,11
739,6.5,2003-11-18 17:14:00,0,6,unknown,0,650,us,487,0.0,45.9,mwb,35.0,12.025,125.416,2003,11
740,6.6,2003-11-06 10:38:00,0,5,unknown,0,670,us,475,0.0,26.2,mwb,113.7,-19.262,168.892,2003,11
741,7.0,2003-10-31 01:06:00,0,5,unknown,0,754,us,568,0.0,61.2,mwb,10.0,37.812,142.619,2003,10
742,6.7,2003-10-08 09:06:00,0,6,unknown,0,691,us,556,0.0,55.4,mwc,32.0,42.648,144.57,2003,10
743,6.7,2003-10-01 01:03:00,0,7,unknown,0,691,us,643,0.0,24.5,mwb,10.0,50.211,87.721,2003,10
744,6.5,2003-09-29 02:36:00,0,5,unknown,0,650,us,586,0.0,71.3,mwc,25.0,42.45,144.38,2003,9
745,7.3,2003-09-27 11:33:00,0,7,unknown,0,820,us,667,0.0,24.5,mwb,16.0,50.038,87.813,2003,9
746,7.4,2003-09-25 21:08:00,0,7,unknown,0,842,us,514,0.0,78.8,mwc,33.0,41.774,143.593,2003,9
747,8.16,2003-09-25 19:50:00,0,9,unknown,0,1024,official,0,0.0,0.0,mww,27.0,41.815,143.91,2003,9
748,6.6,2003-09-21 18:16:00,0,7,unknown,0,670,us,518,0.0,24.7,mwb,10.0,19.917,95.672,2003,9
749,7.2,2003-08-21 12:12:00,0,7,unknown,0,798,us,428,0.0,17.5,mwc,28.0,-45.104,167.144,2003,8
750,7.6,2003-08-04 04:37:00,0,6,unknown,0,889,us,315,0.0,25.2,mwc,10.0,-60.532,-43.411,2003,8
751,6.5,2003-07-15 18:46:00,0,6,unknown,0,650,us,156,0.0,31.4,mwb,33.0,-3.828,152.174,2003,7
752,6.8,2003-06-20 13:30:00,0,7,unknown,0,711,us,398,0.0,39.1,mwc,33.0,-30.608,-71.637,2003,6
753,6.9,2003-06-16 22:08:00,0,5,unknown,0,732,us,733,0.0,26.7,mwb,174.8,55.492,159.999,2003,6
754,6.6,2003-06-07 00:32:00,0,6,unknown,0,670,us,419,0.0,27.8,mwc,33.0,-5.095,152.502,2003,6
755,7.0,2003-05-26 19:23:00,0,6,unknown,0,754,us,473,0.0,30.3,mwc,31.0,2.354,128.855,2003,5
756,7.0,2003-05-26 09:24:00,0,7,unknown,0,754,us,690,0.0,19.1,mwb,68.0,38.849,141.568,2003,5
757,6.8,2003-05-21 18:44:00,0,9,unknown,0,711,us,534,0.0,19.4,mwc,12.0,36.964,3.634,2003,5
758,6.5,2003-03-25 02:53:00,0,7,unknown,0,650,us,247,0.0,28.7,mwc,33.0,-8.294,120.743,2003,3
759,6.8,2003-03-11 07:27:00,0,7,unknown,0,711,us,431,0.0,38.4,mwc,40.2,-4.694,153.238,2003,3
760,7.6,2003-01-22 02:06:00,0,7,unknown,0,889,us,551,0.0,0.0,mwb,24.0,18.77,-104.104,2003,1
761,6.5,2003-01-21 02:46:00,0,6,unknown,0,650,us,316,0.0,0.0,mwc,24.0,13.626,-90.774,2003,1
762,7.3,2003-01-20 08:43:00,0,6,unknown,0,820,us,457,0.0,0.0,mwc,33.0,-10.491,160.77,2003,1
763,6.7,2003-01-10 13:11:00,0,5,unknown,0,691,us,323,0.0,0.0,mwb,71.9,-5.311,153.701,2003,1
764,6.7,2002-12-12 08:30:00,0,6,unknown,0,691,us,453,0.0,0.0,mwb,34.0,-4.786,153.275,2002,12
765,7.9,2002-11-03 22:12:00,8,9,unknown,0,1750,ak,0,0.0,0.0,mw,4.2,63.5141,-147.453,2002,11
766,7.4,2002-11-02 01:26:00,0,7,unknown,0,842,us,418,0.0,0.0,mwb,30.0,2.824,96.085,2002,11
767,6.6,2002-10-23 11:27:00,0,7,unknown,0,670,ak,0,0.0,0.0,mw,4.2,63.5144,-147.912,2002,10
768,6.7,2002-10-10 12:28:00,0,7,unknown,0,691,us,250,0.0,0.0,ms,10.0,-1.511,133.973,2002,10
769,7.6,2002-10-10 10:50:00,0,7,unknown,0,889,us,375,0.0,0.0,mwc,10.0,-1.757,134.297,2002,10
770,6.5,2002-09-13 22:28:00,0,6,unknown,0,650,us,646,0.0,0.0,mwc,21.0,13.036,93.068,2002,9
771,7.6,2002-09-08 18:44:00,0,7,unknown,0,889,us,428,0.0,0.0,mwc,13.0,-3.302,142.945,2002,9
772,6.5,2002-08-14 13:57:00,0,4,unknown,0,650,us,260,0.0,0.0,mwc,30.0,14.101,146.199,2002,8
773,6.5,2002-07-31 00:16:00,0,7,unknown,0,650,us,533,0.0,0.0,mwc,10.0,7.929,-82.793,2002,7
774,6.5,2002-06-22 02:58:00,0,8,unknown,0,650,us,555,0.0,0.0,mwc,10.0,35.626,49.047,2002,6
775,6.6,2002-06-18 13:56:00,0,7,unknown,0,670,us,420,0.0,0.0,mwb,54.0,-30.805,-71.124,2002,6
776,6.7,2002-06-17 21:26:00,0,5,unknown,0,691,us,272,0.0,0.0,mwc,33.0,-12.592,166.383,2002,6
777,7.1,2002-04-26 16:06:00,0,7,unknown,0,776,us,257,0.0,0.0,mwc,85.7,13.088,144.619,2002,4
778,6.7,2002-04-18 16:08:00,0,7,unknown,0,691,us,462,0.0,0.0,mwb,62.0,-27.535,-70.586,2002,4
779,6.8,2002-04-18 05:02:00,0,6,unknown,0,711,us,292,0.0,0.0,mwc,24.9,16.985,-100.865,2002,4
780,7.1,2002-03-31 06:52:00,0,6,unknown,0,776,us,550,0.0,0.0,mwc,32.8,24.279,122.179,2002,3
781,6.5,2002-03-28 04:56:00,0,5,unknown,0,650,us,486,0.0,0.0,mwc,125.1,-21.663,-68.329,2002,3
782,7.5,2002-03-05 21:16:00,0,7,unknown,0,865,us,321,0.0,0.0,mwc,31.0,6.033,124.249,2002,3
783,7.4,2002-03-03 12:08:00,0,5,unknown,0,842,us,138,0.0,0.0,mwc,225.6,36.502,70.482,2002,3
784,6.6,2002-02-05 13:27:00,0,6,unknown,0,670,us,444,0.0,0.0,mwc,39.0,-5.345,151.248,2002,2
785,6.5,2002-02-03 07:11:00,0,7,unknown,0,650,us,482,0.0,0.0,mwc,5.0,38.573,31.271,2002,2
786,6.7,2002-01-10 11:14:00,0,8,unknown,0,691,us,333,0.0,0.0,mwc,11.0,-3.212,142.427,2002,1
787,6.6,2002-01-03 10:17:00,0,6,unknown,0,670,us,386,0.0,0.0,mwc,10.0,-17.664,168.004,2002,1
788,7.2,2002-01-02 17:22:00,0,6,unknown,0,798,us,427,0.0,0.0,mwc,21.0,-17.6,167.856,2002,1
789,6.8,2001-12-23 22:52:00,0,7,unknown,0,711,us,385,0.0,0.0,mwc,16.0,-9.613,159.53,2001,12
790,6.8,2001-12-18 04:02:00,0,5,unknown,0,711,us,499,0.0,0.0,mwc,14.0,23.954,122.734,2001,12
791,6.5,2001-12-02 13:01:00,0,5,unknown,0,650,us,605,0.0,0.0,mwc,123.8,39.402,141.089,2001,12
792,7.8,2001-11-14 09:26:00,0,9,unknown,0,936,us,368,0.0,0.0,mwc,10.0,35.946,90.541,2001,11
793,7.0,2001-10-31 09:10:00,0,7,unknown,0,754,us,254,0.0,0.0,mwc,33.0,-5.912,150.196,2001,10
794,7.5,2001-10-19 03:28:00,0,6,unknown,0,865,us,234,0.0,0.0,mwc,33.0,-4.102,123.907,2001,10
795,7.0,2001-10-12 15:02:00,0,6,unknown,0,754,us,482,0.0,0.0,mwc,37.0,12.686,144.98,2001,10
796,6.5,2001-09-11 14:56:00,0,6,unknown,0,650,us,174,0.0,0.0,mwc,33.0,-0.578,133.13,2001,9
797,6.6,2001-07-28 07:32:00,6,6,unknown,0,754,ak,0,0.0,0.0,mw,131.8,58.775,-154.701,2001,7
798,6.5,2001-07-26 00:21:00,0,8,unknown,0,650,us,483,0.0,0.0,mwc,10.0,39.059,24.244,2001,7
799,7.6,2001-07-07 09:38:00,0,7,unknown,0,889,us,398,0.0,0.0,mwc,33.0,-17.543,-72.077,2001,7
800,6.6,2001-07-05 13:53:00,0,7,unknown,0,670,us,324,0.0,0.0,mwc,62.0,-16.086,-73.987,2001,7
801,6.7,2001-06-26 04:18:00,0,6,unknown,0,691,us,422,0.0,0.0,mwc,24.0,-17.745,-71.649,2001,6
802,8.4,2001-06-23 20:33:00,0,8,unknown,0,1086,official,518,0.0,0.0,mww,33.0,-16.265,-73.641,2001,6
803,6.7,2001-04-19 21:43:00,0,6,unknown,0,691,us,282,0.0,0.0,mwc,17.0,-7.41,155.865,2001,4
804,6.8,2001-03-24 06:27:00,0,7,unknown,0,711,us,596,0.0,0.0,mwc,50.0,34.083,132.526,2001,3
805,6.5,2001-03-19 05:52:00,0,6,unknown,0,650,us,206,0.0,0.0,mwc,33.0,-4.029,128.02,2001,3
806,6.8,2001-02-28 18:54:00,7,7,unknown,0,1441,uw,67,0.0,31.0,md,51.798,47.149,-122.727,2001,2
807,7.1,2001-02-24 07:23:00,0,7,unknown,0,776,us,426,0.0,0.0,mwc,35.0,1.271,126.249,2001,2
808,7.4,2001-02-13 19:28:00,0,6,unknown,0,842,us,221,0.0,0.0,mwc,36.0,-4.68,102.562,2001,2
809,6.6,2001-02-13 14:22:00,0,8,unknown,0,670,us,273,0.0,0.0,mwc,10.0,13.671,-88.938,2001,2
810,7.7,2001-01-26 03:16:00,0,9,unknown,0,912,us,472,0.0,0.0,mwc,16.0,23.419,70.232,2001,1
811,6.9,2001-01-16 13:25:00,0,6,unknown,0,732,us,117,0.0,0.0,mwb,28.0,-4.022,101.776,2001,1
812,7.7,2001-01-13 17:33:00,0,8,unknown,0,912,us,427,0.0,0.0,mwc,60.0,13.049,-88.66,2001,1
813,6.9,2001-01-10 16:02:00,5,7,unknown,0,745,ak,0,0.0,0.0,mw,36.4,56.7744,-153.281,2001,1
814,7.1,2001-01-09 16:49:00,0,7,unknown,0,776,us,372,0.0,0.0,mwb,103.0,-14.928,167.17,2001,1
815,6.8,2001-01-01 08:54:00,0,5,unknown,0,711,us,64,0.0,0.0,mwc,33.0,6.631,126.899,2001,1
816,7.5,2001-01-01 06:57:00,0,7,unknown,0,865,us,324,0.0,0.0,mwc,33.0,6.898,126.579,2001,1
817,6.5,2000-12-06 22:57:00,0,7,unknown,0,650,us,401,0.0,0.0,mwc,31.0,-4.218,152.725,2000,12
818,7.0,2000-12-06 17:11:00,0,7,unknown,0,754,us,495,0.0,0.0,mwc,30.0,39.566,54.799,2000,12
819,6.5,2000-11-25 18:10:00,0,6,unknown,0,650,us,268,0.0,0.0,mwc,33.0,40.167,49.954,2000,11
820,6.8,2000-11-25 18:09:00,0,6,unknown,0,711,us,446,0.0,0.0,mwc,50.4,40.245,49.946,2000,11
821,6.8,2000-11-18 06:54:00,0,6,unknown,0,711,us,402,0.0,0.0,mwb,33.0,-5.228,151.771,2000,11
822,6.6,2000-11-18 02:05:00,0,6,unknown,0,670,us,267,0.0,0.0,mwc,33.0,-5.097,153.181,2000,11
823,7.8,2000-11-17 21:01:00,0,7,unknown,0,936,us,346,0.0,0.0,mwc,33.0,-5.496,151.781,2000,11
824,6.5,2000-11-16 07:45:00,0,6,unknown,0,650,us,71,0.0,0.0,mb,33.0,-4.827,153.226,2000,11
825,7.8,2000-11-16 07:42:00,0,7,unknown,0,936,us,294,0.0,0.0,mwc,30.0,-5.233,153.102,2000,11
826,8.0,2000-11-16 04:54:00,0,7,unknown,0,985,us,254,0.0,0.0,mwc,33.0,-3.98,152.169,2000,11
827,6.5,2000-11-08 06:59:00,0,7,unknown,0,650,us,462,0.0,0.0,mwc,17.0,7.042,-77.829,2000,11
828,7.0,2000-10-29 08:37:00,0,7,unknown,0,754,us,60,0.0,0.0,mwc,50.0,-4.766,153.945,2000,10
829,6.8,2000-10-25 09:32:00,0,6,unknown,0,711,us,415,0.0,0.0,mwc,38.0,-6.549,105.63,2000,10
830,6.7,2000-10-06 04:30:00,0,8,unknown,0,691,us,390,0.0,0.0,mwc,10.0,35.456,133.134,2000,10
831,7.0,2000-10-04 16:58:00,0,7,unknown,0,754,us,357,0.0,0.0,mwc,23.0,-15.421,166.91,2000,10
832,6.5,2000-10-02 02:25:00,0,6,unknown,0,650,us,415,0.0,0.0,mwb,34.0,-7.977,30.709,2000,10
833,6.8,2000-08-28 15:05:00,0,6,unknown,0,711,us,336,0.0,0.0,mwc,16.0,-4.11,127.394,2000,8
834,6.5,2000-08-09 11:41:00,0,6,unknown,0,650,us,481,0.0,0.0,mwc,45.8,18.198,-102.48,2000,8
835,6.8,2000-08-04 21:13:00,0,7,unknown,0,711,us,593,0.0,0.0,mwc,10.0,48.786,142.246,2000,8
836,6.6,2000-08-03 01:09:00,0,6,unknown,0,670,us,218,0.0,0.0,mwc,33.0,-12.037,166.448,2000,8
837,6.5,2000-07-30 12:25:00,0,7,unknown,0,650,us,428,0.0,0.0,mwc,10.0,33.901,139.376,2000,7
838,6.6,2000-07-16 03:57:00,0,5,unknown,0,670,us,367,0.0,0.0,mwc,10.0,-7.747,150.917,2000,7
839,6.5,2000-07-11 01:32:00,0,6,unknown,0,650,ak,0,0.0,0.0,mw,42.9,57.3546,-154.198,2000,7
840,6.5,2000-06-21 00:51:00,0,9,unknown,0,650,us,351,0.0,0.0,mwc,10.0,63.98,-20.758,2000,6
841,7.9,2000-06-18 14:44:00,0,5,unknown,0,960,us,405,0.0,0.0,mwc,10.0,-13.802,97.453,2000,6
842,6.5,2000-06-17 15:40:00,0,8,unknown,0,650,us,406,0.0,0.0,mwc,10.0,63.966,-20.487,2000,6
843,6.7,2000-06-07 23:45:00,0,5,unknown,0,691,us,352,0.0,0.0,mwc,33.0,-4.612,101.905,2000,6
844,6.7,2000-06-04 16:39:00,0,5,unknown,0,691,us,147,0.0,0.0,mb,33.0,-4.646,102.102,2000,6
845,7.9,2000-06-04 16:28:00,0,8,unknown,0,960,us,379,0.0,0.0,mwc,33.0,-4.721,102.087,2000,6
846,7.2,2000-05-12 18:43:00,0,5,unknown,0,798,us,0,0.0,0.0,mwc,225.0,-23.548,-66.452,2000,5
847,7.6,2000-05-04 04:21:00,0,7,unknown,0,889,us,0,0.0,0.0,mwc,26.0,-1.105,123.573,2000,5
848,6.6,2000-03-03 22:22:00,0,8,unknown,0,670,us,0,0.0,0.0,mwc,10.0,-6.817,143.807,2000,3
849,6.6,2000-02-06 11:33:00,0,6,unknown,0,670,us,0,0.0,0.0,mwc,33.0,-5.844,150.876,2000,2
850,6.8,2000-01-28 14:21:00,0,6,unknown,0,711,us,0,0.0,0.0,mwc,61.1,43.046,146.837,2000,1
851,7.2,2000-01-08 16:47:00,0,6,unknown,0,798,us,0,0.0,0.0,mwc,183.4,-16.925,-174.248,2000,1
852,6.9,1999-12-29 13:29:00,0,6,unknown,0,732,us,0,0.0,0.0,mwb,33.0,-10.86,165.354,1999,12
853,6.5,1999-12-21 14:14:00,0,6,unknown,0,650,us,0,0.0,0.0,mwb,56.0,-6.845,105.555,1999,12
854,7.3,1999-12-11 18:03:00,0,7,unknown,0,820,us,0,0.0,0.0,mwc,33.0,15.766,119.74,1999,12
855,7.0,1999-12-06 23:12:00,0,7,unknown,0,754,ak,0,0.0,0.0,mw,43.6,57.3424,-154.347,1999,12
856,6.6,1999-11-30 04:01:00,0,5,unknown,0,670,us,0,0.0,0.0,mwb,128.1,-18.901,-69.171,1999,11
857,7.5,1999-11-26 13:21:00,0,7,unknown,0,865,us,0,0.0,0.0,mwc,33.0,-16.423,168.214,1999,11
858,7.0,1999-11-19 13:56:00,0,6,unknown,0,754,us,0,0.0,0.0,mwc,33.0,-6.351,148.763,1999,11
859,6.9,1999-11-17 03:27:00,0,6,unknown,0,732,us,0,0.0,0.0,mwc,47.5,-5.978,148.82,1999,11
860,7.2,1999-11-12 16:57:00,0,9,unknown,0,798,us,0,0.0,0.0,mwc,10.0,40.758,31.161,1999,11
861,6.5,1999-11-08 16:45:00,0,4,unknown,0,650,us,0,0.0,0.0,mwc,228.4,36.522,71.24,1999,11
862,7.1,1999-10-16 09:46:00,8,8,unknown,0,1576,ci,73,0.0,57.0,mw,13.73,34.6033,-116.265,1999,10
863,7.5,1999-09-30 16:31:00,0,8,unknown,0,865,us,0,0.0,0.0,mwc,60.6,16.059,-96.931,1999,9
864,6.5,1999-09-25 23:52:00,0,7,unknown,0,650,us,0,0.0,0.0,mwc,17.0,23.738,121.158,1999,9
865,7.7,1999-09-20 17:47:00,0,9,unknown,0,912,us,0,0.0,0.0,mwc,33.0,23.772,120.982,1999,9
866,6.6,1999-08-22 12:40:00,0,6,unknown,0,670,us,0,0.0,0.0,mwc,33.0,-16.117,168.039,1999,8
867,6.9,1999-08-20 10:02:00,0,6,unknown,0,732,us,0,0.0,0.0,mwc,20.0,9.044,-84.159,1999,8
868,7.6,1999-08-17 00:01:00,0,9,unknown,0,889,us,0,0.0,0.0,mwc,17.0,40.748,29.864,1999,8
869,6.7,1999-07-11 14:14:00,0,8,unknown,0,691,us,0,0.0,0.0,mwc,10.0,15.782,-88.33,1999,7
870,7.0,1999-06-15 20:42:00,0,7,unknown,0,754,us,0,0.0,0.0,mwc,70.0,18.386,-97.436,1999,6
871,6.6,1999-05-17 10:07:00,0,5,unknown,0,670,us,0,0.0,0.0,mwc,27.0,-5.165,152.877,1999,5
872,7.1,1999-05-16 00:51:00,0,7,unknown,0,776,us,0,0.0,0.0,mwc,73.7,-4.751,152.486,1999,5
873,7.1,1999-05-10 20:33:00,0,7,unknown,0,776,us,0,0.0,0.0,mwb,138.0,-5.159,150.88,1999,5
874,6.8,1999-04-13 10:38:00,0,5,unknown,0,711,us,0,0.0,0.0,mwc,164.2,-21.422,-176.46,1999,4
875,7.4,1999-04-05 11:08:00,0,7,unknown,0,842,us,0,0.0,0.0,mwc,150.0,-5.591,149.568,1999,4
876,6.8,1999-04-03 06:17:00,0,7,unknown,0,711,us,0,0.0,0.0,mwc,87.2,-16.66,-72.662,1999,4
877,6.6,1999-03-28 19:05:00,0,7,unknown,0,670,us,0,0.0,0.0,mwb,15.0,30.512,79.403,1999,3
878,6.9,1999-03-20 10:47:00,0,6,unknown,0,732,us,0,0.0,0.0,mwc,33.0,51.587,-177.668,1999,3
879,6.9,1999-03-08 12:25:00,0,5,unknown,0,732,us,0,0.0,0.0,mwc,56.6,52.056,159.52,1999,3
880,7.1,1999-03-04 08:52:00,0,6,unknown,0,776,us,0,0.0,0.0,mwc,33.0,5.397,121.937,1999,3
881,6.6,1999-03-04 05:38:00,0,7,unknown,0,670,us,0,0.0,0.0,mwc,33.0,28.343,57.193,1999,3
882,7.3,1999-02-06 21:47:00,0,7,unknown,0,820,us,0,0.0,0.0,mwc,90.1,-12.853,166.697,1999,2
883,6.6,1999-01-28 08:10:00,0,6,unknown,0,670,us,0,0.0,0.0,mwc,67.2,52.886,-169.123,1999,1
884,7.0,1999-01-19 03:35:00,0,7,unknown,0,754,us,0,0.0,0.0,mwc,114.1,-4.596,153.235,1999,1
885,6.8,1998-12-27 00:38:00,0,5,unknown,0,711,us,0,0.0,0.0,mwc,144.3,-21.632,-176.376,1998,12
886,7.7,1998-11-29 14:10:00,0,7,unknown,0,912,us,0,0.0,0.0,mwc,33.0,-2.071,124.891,1998,11
887,7.0,1998-11-09 05:38:00,0,7,unknown,0,754,us,0,0.0,0.0,mwc,33.0,-6.92,128.946,1998,11
888,6.7,1998-11-09 05:30:00,0,6,unknown,0,691,us,0,0.0,0.0,mwc,33.0,-6.954,129.022,1998,11
889,6.6,1998-09-28 13:34:00,0,5,unknown,0,670,us,0,0.0,0.0,mwb,151.6,-8.194,112.413,1998,9
890,6.6,1998-09-03 17:37:00,0,6,unknown,0,670,us,0,0.0,0.0,mwc,27.0,-29.45,-71.715,1998,9
891,6.8,1998-09-02 08:37:00,0,5,unknown,0,711,us,0,0.0,0.0,mwc,50.0,5.41,126.764,1998,9
892,7.2,1998-08-04 18:59:00,0,7,unknown,0,798,us,0,0.0,0.0,mwc,33.0,-0.593,-80.393,1998,8
893,6.7,1998-07-29 18:00:00,0,6,unknown,0,691,us,0,0.0,0.0,mwc,33.0,-2.693,138.901,1998,7
894,7.0,1998-07-17 08:49:00,0,7,unknown,0,754,us,0,0.0,0.0,mwc,10.0,-2.961,141.926,1998,7
895,7.0,1998-07-16 11:56:00,0,7,unknown,0,754,us,0,0.0,0.0,mwc,110.2,-11.04,166.16,1998,7
896,6.6,1998-05-30 06:22:00,0,6,unknown,0,670,us,0,0.0,0.0,mwb,33.0,37.106,70.11,1998,5
897,6.6,1998-05-22 04:48:00,0,8,unknown,0,670,us,0,0.0,0.0,mwb,24.0,-17.731,-65.431,1998,5
898,6.7,1998-05-21 05:34:00,0,6,unknown,0,691,us,0,0.0,0.0,mwb,33.0,0.207,119.584,1998,5
899,6.6,1998-05-13 23:02:00,0,6,unknown,0,670,us,0,0.0,0.0,mwc,61.4,-5.147,151.714,1998,5
900,7.5,1998-05-03 23:30:00,0,5,unknown,0,865,us,0,0.0,0.0,mwb,33.0,22.306,125.308,1998,5
901,6.6,1998-04-03 22:01:00,0,5,unknown,0,670,us,0,0.0,0.0,mwc,164.6,-8.148,-74.238,1998,4
902,7.0,1998-04-01 17:56:00,0,6,unknown,0,754,us,0,0.0,0.0,mwc,55.7,-0.544,99.261,1998,4
903,6.6,1998-03-14 19:40:00,0,8,unknown,0,670,us,0,0.0,0.0,mwc,9.0,30.154,57.605,1998,3
904,7.1,1998-01-30 12:16:00,0,7,unknown,0,776,us,0,0.0,0.0,mwc,42.0,-23.913,-70.207,1998,1
905,6.7,1998-01-12 16:36:00,0,6,unknown,0,691,us,0,0.0,0.0,mwc,23.4,-15.848,-179.376,1998,1
906,6.6,1998-01-12 10:14:00,0,7,unknown,0,670,us,0,0.0,0.0,mwc,34.8,-30.985,-71.41,1998,1
907,6.6,1998-01-10 08:20:00,0,6,unknown,0,670,us,0,0.0,0.0,mwc,33.0,14.374,-91.473,1998,1
908,7.2,1997-12-22 02:05:00,0,6,unknown,0,798,us,0,0.0,0.0,mwc,179.3,-5.495,147.867,1997,12
909,7.8,1997-12-05 11:26:00,0,7,unknown,0,936,us,0,0.0,0.0,mwc,33.0,54.841,162.035,1997,12
910,7.0,1997-11-25 12:14:00,0,6,unknown,0,754,us,0,0.0,0.0,mwc,24.0,1.241,122.536,1997,11
911,6.6,1997-11-18 13:07:00,0,7,unknown,0,670,us,0,0.0,0.0,mwc,33.0,37.57,20.656,1997,11
912,7.0,1997-11-15 18:59:00,0,6,unknown,0,754,us,0,0.0,0.0,mwc,123.1,-15.145,167.375,1997,11
913,6.5,1997-11-09 22:56:00,0,4,unknown,0,650,us,0,0.0,0.0,mwb,176.4,13.849,-88.808,1997,11
914,7.5,1997-11-08 10:02:00,0,7,unknown,0,865,us,0,0.0,0.0,mwc,33.0,35.069,87.325,1997,11
915,7.2,1997-10-28 06:15:00,0,7,unknown,0,798,us,0,0.0,0.0,mwc,112.0,-4.368,-76.681,1997,10
916,7.1,1997-10-15 01:03:00,0,7,unknown,0,776,us,0,0.0,0.0,mwc,58.0,-30.933,-71.22,1997,10
917,7.8,1997-10-14 09:53:00,0,7,unknown,0,936,us,0,0.0,0.0,mwb,167.3,-22.101,-176.772,1997,10
918,6.5,1997-10-06 12:30:00,0,5,unknown,0,650,us,0,0.0,0.0,mwb,105.6,9.79,125.779,1997,10
919,6.8,1997-09-02 12:13:00,0,5,unknown,0,711,us,0,0.0,0.0,mwb,198.7,3.849,-75.749,1997,9
920,6.6,1997-08-29 08:14:00,0,6,unknown,0,670,us,0,0.0,0.0,mwc,22.8,-3.562,144.362,1997,8
921,6.9,1997-07-19 14:22:00,0,6,unknown,0,732,us,0,0.0,0.0,mwb,33.0,16.333,-98.216,1997,7
922,7.0,1997-07-09 19:24:00,0,8,unknown,0,754,us,0,0.0,0.0,mwc,19.9,10.598,-63.486,1997,7
923,6.8,1997-07-06 09:54:00,0,6,unknown,0,711,us,0,0.0,0.0,mwc,19.0,-30.058,-71.872,1997,7
924,6.5,1997-05-22 07:50:00,0,6,unknown,0,650,us,0,0.0,0.0,mwc,70.0,18.684,-101.604,1997,5
925,6.8,1997-05-21 14:10:00,0,6,unknown,0,711,us,0,0.0,0.0,mwc,57.0,-20.438,169.287,1997,5
926,6.5,1997-05-13 14:13:00,0,4,unknown,0,650,us,0,0.0,0.0,mwb,196.0,36.411,70.945,1997,5
927,7.3,1997-05-10 07:57:00,0,9,unknown,0,820,us,0,0.0,0.0,mwb,10.0,33.825,59.809,1997,5
928,6.5,1997-04-23 19:44:00,0,6,unknown,0,650,us,0,0.0,0.0,mwc,100.8,13.986,144.901,1997,4
929,6.7,1997-04-22 09:31:00,0,7,unknown,0,691,us,0,0.0,0.0,mwb,5.0,11.112,-60.892,1997,4
930,7.7,1997-04-21 12:02:00,0,6,unknown,0,912,us,0,0.0,0.0,mwc,33.0,-12.584,166.676,1997,4
931,6.5,1997-04-05 12:23:00,0,6,unknown,0,650,us,0,0.0,0.0,mwc,69.1,-6.485,147.408,1997,4
932,6.9,1997-03-11 19:22:00,0,5,unknown,0,732,us,0,0.0,0.0,mwb,10.0,7.742,127.647,1997,3
933,7.1,1997-02-27 21:08:00,0,6,unknown,0,776,us,0,0.0,0.0,mwc,33.0,29.976,68.208,1997,2
934,6.5,1997-02-04 10:37:00,0,8,unknown,0,650,us,0,0.0,0.0,mwc,10.0,37.661,57.291,1997,2
935,7.2,1997-01-11 20:28:00,0,7,unknown,0,798,us,0,0.0,0.0,mwb,33.0,18.219,-102.756,1997,1
936,6.5,1996-12-22 14:53:00,0,4,unknown,0,650,us,0,0.0,0.0,mwc,226.5,43.207,138.92,1996,12
937,6.7,1996-12-02 22:17:00,0,6,unknown,0,691,us,0,0.0,0.0,mwc,49.2,31.789,131.314,1996,12
938,6.9,1996-11-19 10:44:00,0,7,unknown,0,732,us,0,0.0,0.0,mwc,33.0,35.345,78.133,1996,11
939,7.7,1996-11-12 16:59:00,0,7,unknown,0,912,us,0,0.0,0.0,mwc,33.0,-14.993,-75.675,1996,11
940,6.7,1996-10-19 14:44:00,0,7,unknown,0,691,us,0,0.0,0.0,mwc,22.0,31.885,131.468,1996,10
941,6.6,1996-10-18 10:50:00,0,7,unknown,0,670,us,0,0.0,0.0,mwc,10.0,30.568,131.093,1996,10
942,6.8,1996-10-14 23:26:00,0,6,unknown,0,711,us,0,0.0,0.0,mwc,24.0,-7.133,155.568,1996,10
943,6.8,1996-10-09 13:10:00,0,6,unknown,0,711,us,0,0.0,0.0,mwc,33.0,34.556,32.126,1996,10
944,6.6,1996-09-20 04:11:00,0,6,unknown,0,670,us,0,0.0,0.0,mwc,33.0,9.454,126.334,1996,9
945,6.6,1996-09-20 04:10:00,0,6,unknown,0,670,us,0,0.0,0.0,mwc,33.0,9.463,126.284,1996,9
946,6.8,1996-09-05 23:42:00,0,6,unknown,0,711,us,0,0.0,0.0,mwc,20.0,21.898,121.498,1996,9
947,6.9,1996-08-02 12:55:00,0,6,unknown,0,732,us,0,0.0,0.0,mwc,33.0,-10.769,161.445,1996,8
948,7.0,1996-07-22 14:19:00,0,6,unknown,0,754,us,0,0.0,0.0,mwc,33.0,1.0,120.45,1996,7
949,6.6,1996-07-16 10:07:00,0,6,unknown,0,670,us,0,0.0,0.0,mwb,33.0,1.016,120.254,1996,7
950,6.8,1996-07-15 21:23:00,0,6,unknown,0,711,us,0,0.0,0.0,mwb,18.3,17.6,-100.965,1996,7
951,7.9,1996-06-17 11:22:00,0,4,unknown,0,960,us,0,0.0,0.0,mwc,587.3,-7.137,122.589,1996,6
952,7.1,1996-06-11 18:22:00,0,6,unknown,0,776,us,0,0.0,0.0,mwc,33.0,12.614,125.154,1996,6
953,7.3,1996-06-10 15:24:00,0,7,unknown,0,820,us,0,0.0,0.0,mwc,26.3,51.478,-176.847,1996,6
954,7.9,1996-06-10 04:03:00,0,7,unknown,0,960,us,0,0.0,0.0,mwc,33.0,51.564,-177.632,1996,6
955,6.7,1996-06-10 01:04:00,0,4,unknown,0,691,us,0,0.0,0.0,mwc,200.1,-13.481,167.13,1996,6
956,7.2,1996-04-29 14:40:00,0,6,unknown,0,798,us,0,0.0,0.0,mwc,44.0,-6.518,154.999,1996,4
957,6.6,1996-04-19 00:19:00,0,7,unknown,0,670,us,0,0.0,0.0,mwb,49.5,-23.944,-70.093,1996,4
958,6.7,1996-03-17 14:48:00,0,5,unknown,0,691,us,0,0.0,0.0,mwc,164.4,-14.705,167.297,1996,3
959,6.7,1996-03-03 16:37:00,0,6,unknown,0,691,us,0,0.0,0.0,mwc,33.0,11.905,-86.772,1996,3
960,6.6,1996-03-03 14:55:00,0,6,unknown,0,670,us,0,0.0,0.0,mwc,33.0,11.657,-86.856,1996,3
961,7.1,1996-02-25 03:08:00,0,7,unknown,0,776,us,0,0.0,0.0,mw,21.1,15.978,-98.07,1996,2
962,7.5,1996-02-21 12:51:00,0,6,unknown,0,865,us,0,0.0,0.0,mw,10.0,-9.593,-79.587,1996,2
963,6.5,1996-02-17 20:18:00,0,6,unknown,0,650,us,0,0.0,0.0,mw,31.9,-0.917,136.225,1996,2
964,6.5,1996-02-17 14:21:00,0,6,unknown,0,650,us,0,0.0,0.0,mw,19.2,-0.567,135.84,1996,2
965,8.09,1996-02-17 05:59:00,0,8,unknown,0,1007,official,0,0.0,0.0,mww,33.0,-0.891,136.952,1996,2
966,6.7,1996-02-16 15:22:00,0,4,unknown,0,691,us,0,0.0,0.0,mw,40.8,37.353,142.38,1996,2
967,7.2,1996-02-07 21:36:00,0,6,unknown,0,798,us,0,0.0,0.0,mw,42.6,45.324,149.892,1996,2
968,6.6,1996-02-03 11:14:00,0,10,unknown,0,670,us,0,0.0,0.0,mw,11.1,27.291,100.276,1996,2
969,6.6,1996-01-01 09:57:00,0,7,unknown,0,670,us,0,0.0,0.0,ms,33.0,53.826,159.586,1996,1
970,7.9,1996-01-01 08:05:00,0,8,unknown,0,960,us,0,0.0,0.0,mw,24.0,0.729,119.931,1996,1
971,7.1,1995-12-25 04:43:00,0,6,unknown,0,776,us,0,0.0,0.0,mw,141.9,-6.903,129.151,1995,12
972,6.5,1995-12-19 23:28:00,0,6,unknown,0,650,us,0,0.0,0.0,mwb,63.4,-3.703,140.233,1995,12
973,7.9,1995-12-03 18:01:00,0,6,unknown,0,960,us,0,0.0,0.0,mw,33.0,44.663,149.3,1995,12
974,7.2,1995-11-22 04:15:00,0,9,unknown,0,798,us,0,0.0,0.0,mw,10.0,28.826,34.799,1995,11
975,6.7,1995-11-01 00:35:00,0,7,unknown,0,691,us,0,0.0,0.0,mw,19.9,-28.906,-71.417,1995,11
976,7.2,1995-10-21 02:38:00,0,6,unknown,0,798,us,0,0.0,0.0,mw,159.3,16.84,-93.469,1995,10
977,6.8,1995-10-19 02:41:00,0,6,unknown,0,711,us,0,0.0,0.0,mw,19.7,28.094,130.148,1995,10
978,7.1,1995-10-18 10:37:00,0,6,unknown,0,776,us,0,0.0,0.0,mw,28.4,27.929,130.175,1995,10
979,8.0,1995-10-09 15:35:00,0,8,unknown,0,985,us,0,0.0,0.0,mw,33.0,19.055,-104.205,1995,10
980,6.8,1995-10-06 18:09:00,0,7,unknown,0,711,us,0,0.0,0.0,mw,33.0,-2.045,101.436,1995,10
981,6.5,1995-10-03 12:44:00,0,7,unknown,0,650,us,0,0.0,0.0,mw,16.7,-2.778,-77.851,1995,10
982,7.0,1995-10-03 01:51:00,0,7,unknown,0,754,us,0,0.0,0.0,mw,24.4,-2.75,-77.881,1995,10
983,6.5,1995-09-23 22:31:00,0,5,unknown,0,650,us,0,0.0,0.0,mwb,59.9,-10.68,-78.581,1995,9
984,7.4,1995-09-14 14:04:00,0,7,unknown,0,842,us,0,0.0,0.0,mwb,23.0,16.779,-98.597,1995,9
985,6.6,1995-08-28 10:46:00,0,5,unknown,0,670,us,0,0.0,0.0,mwb,12.2,26.092,-110.284,1995,8
986,6.6,1995-08-19 21:43:00,0,6,unknown,0,670,us,0,0.0,0.0,mw,119.6,5.139,-75.577,1995,8
987,7.2,1995-08-16 23:10:00,0,6,unknown,0,798,us,0,0.0,0.0,mw,33.0,-5.771,154.347,1995,8
988,6.6,1995-08-16 16:24:00,0,4,unknown,0,670,us,0,0.0,0.0,mw,18.7,-5.429,153.773,1995,8
989,7.7,1995-08-16 10:27:00,0,6,unknown,0,912,us,0,0.0,0.0,mw,30.1,-5.799,154.178,1995,8
990,6.7,1995-08-14 04:37:00,0,6,unknown,0,691,us,0,0.0,0.0,mw,127.9,-4.836,151.515,1995,8
991,8.0,1995-07-30 05:11:00,0,8,unknown,0,985,us,0,0.0,0.0,mw,45.6,-23.34,-70.294,1995,7
992,6.8,1995-07-11 21:46:00,0,8,unknown,0,711,us,0,0.0,0.0,mw,12.5,21.966,99.196,1995,7
993,6.6,1995-06-29 12:24:00,0,5,unknown,0,670,us,0,0.0,0.0,mw,139.4,-19.544,169.287,1995,6
994,6.5,1995-06-15 00:15:00,0,7,unknown,0,650,us,0,0.0,0.0,mw,14.2,38.401,22.283,1995,6
995,7.1,1995-05-27 13:03:00,0,9,unknown,0,776,us,0,0.0,0.0,mwb,11.0,52.629,142.827,1995,5
996,7.7,1995-05-16 20:12:00,0,4,unknown,0,912,us,0,0.0,0.0,mw,20.2,-23.008,169.9,1995,5
997,6.9,1995-05-14 11:33:00,0,6,unknown,0,732,us,0,0.0,0.0,mw,11.2,-8.378,125.127,1995,5
998,6.6,1995-05-13 08:47:00,0,9,unknown,0,670,us,0,0.0,0.0,mw,14.0,40.149,21.695,1995,5
999,7.1,1995-05-05 03:53:00,0,7,unknown,0,776,us,0,0.0,0.0,mw,16.0,12.626,125.297,1995,5
