Number of deaths from earthquakes,Number of people injured from earthquakes,Number of people affected by earthquakes,Number of people left homeless from earthquakes,Number of total people affected by earthquakes,Reconstruction costs from earthquakes,Insured damages against earthquakes,Total economic damages from earthquakes,Death rates from earthquakes,Injury rates from earthquakes,"Number of people affected by earthquakes per 100,000",Homelessness rate from earthquakes,"Total number of people affected by earthquakes per 100,000",Total economic damages from earthquakes as a share of GDP,Entity,Year
210,200,0,0,200,,,,2.572748457,2.381235861,0,0,2.381235861,,Afghanistan,1950
0,0,0,0,0,0,0,0,0,0,0,0,0,0,Afghanistan,1960
6.1,1.5,9000,0,9001.5,0,0,0,0.04796007,0.012721567,69.53565634,0,69.54837791,0,Afghanistan,1970
51.3,351.8,6244,658,7253.8,0,0,900,0.398498668,2.742558185,49.05305337,5.24804594,57.04365749,0,Afghanistan,1980
742.6,358.3,27168.5,7702.5,35229.3,0,0,2001,3.814559032,1.835905817,146.6656852,38.70140997,187.203001,0,Afghanistan,1990
123.6,151.2,9074,1569.5,10794.7,0,0,5,0.544497296,0.66248279,40.07487217,6.585321045,47.322676,0.0000805,Afghanistan,2000
21.7,5830.5,339,3627.5,9797,0,0,0,0.066190219,16.94865916,1.050511311,10.59994752,28.59911799,0,Afghanistan,2010
10,0,0,0,0,,,,0.00749502,0,0,0,0,,Africa,1900
1.2,0,0,0,0,,,,0.000845406,0,0,0,0,,Africa,1910
1.2,0,0,0,0,,,,0.000767336,0,0,0,0,,Africa,1920
2.2,13,0,750,763,,,,0.001170074,0.006914071,0,0.398888724,0.405802795,,Africa,1930
27.6,0,0,0,0,,,,0.013020387,0,0,0,0,,Africa,1940
128.3,502.8,0,12925,13427.8,,,,0.051827036,0.203283229,0,5.226234196,5.429517426,,Africa,1950
1257.7,2703.1,4650,1940.5,9293.6,0,0,15302,0.44206693,0.944881312,1.44368813,0.615953911,3.004523354,0.044271497,Africa,1960
0,0,0,0,0,0,0,0,0,0,0,0,0,0,Africa,1970
297,1015.3,51609.3,49320,101944.6,0,0,523000,0.061644162,0.209079736,10.72291036,10.11760402,21.04959412,0.149832672,Africa,1980
79.9,1059,13045,4027,18131,0,0,133092.9,0.01180623,0.158566864,1.922654285,0.569793642,2.651014791,0.026343433,Africa,1990
333.5,1303.6,13461,23910.4,38675,0,1000,565700,0.037906203,0.147837837,1.487942013,2.703844838,4.339624689,0.071912522,Africa,2000
3.1,89.2,15142.1,69,15300.3,0,0,45800,0.000259232,0.007542795,1.253537534,0.005709536,1.266789865,0.002084165,Africa,2010
12,0,0,0,0,,,,1.395277451,0,0,0,0,,Albania,1900
0,0,0,0,0,,,,0,0,0,0,0,,Albania,1910
20,0,0,0,0,,,,2.074779192,0,0,0,0,,Albania,1920
15,10.8,294,0,304.8,,,,1.471603312,1.062998404,28.93717876,0,30.00017717,,Albania,1930
4.3,11,0,0,11,,,,0.373879232,0.956435244,0,0,0.956435244,,Albania,1940
0,0,0,0,0,,,,0,0,0,0,0,,Albania,1950
2.6,28.8,0,0,28.8,0,0,2000,0.141333613,1.556411117,0,0,1.556411117,0,Albania,1960
3.5,35,0,0,35,0,0,0,0.133181126,1.331811263,0,0,1.331811263,0,Albania,1970
0.1,0.5,69,500,569.5,0,0,500,0.003584229,0.017921147,2.155576382,17.92114695,20.09464448,0,Albania,1980
0,0,210,0,210,0,0,0,0,0,6.75024108,0,6.75024108,0,Albania,1990
0,0,0,15,15,0,0,0,0,0,0,0.504540868,0.504540868,0,Albania,2000
5.1,102.5,20680,0,20782.5,0,0,74500,0.177021867,3.557792433,717.8063173,0,721.3641097,0.487354537,Albania,2010
1.2,0,0,0,0,,,,0.022205589,0,0,0,0,,Algeria,1910
0,0,0,0,0,,,,0,0,0,0,0,,Algeria,1920
0,0,0,0,0,,,,0,0,0,0,0,,Algeria,1930
27.6,0,0,0,0,,,,0.328243732,0,0,0,0,,Algeria,1940
125,500,0,12925,13425,,,,1.307531381,5.230125523,0,135.1987448,140.4288703,,Algeria,1950
6.9,36.5,3700,1345,5081.5,0,0,200,0.060672847,0.290161677,29.47972273,10.84205362,40.61193803,0.006377025,Algeria,1960
0,0,0,0,0,0,0,0,0,0,0,0,0,0,Algeria,1970
268.6,861.7,49409.3,44320,94591,0,0,520200,1.392341847,4.453418569,255.2691876,230.5469151,490.2695213,1.228290406,Algeria,1980
19.3,46.4,1475,1500,3021.4,0,0,6092.9,0.067792351,0.159578006,5.262894643,4.898279071,10.32075172,0.012526353,Algeria,1990
227.9,1078.5,16,20015,21109.5,0,0,500000,0.706309283,3.341342569,0.047561012,62.03318255,65.42208613,0.736769376,Algeria,2000
0.6,42,0,0,42,0,0,0,0.001541465,0.107902579,0,0,0.107902579,0,Algeria,2010
0,0,0,0,0,0,0,0,0,0,0,0,0,0,American Samoa,1960
0,0,0,0,0,0,0,0,0,0,0,0,0,0,American Samoa,1970
0,0,0,0,0,0,0,0,0,0,0,0,0,0,American Samoa,1980
0,0,0,0,0,0,0,0,0,0,0,0,0,0,American Samoa,1990
3.4,0,250,0,250,0,0,0,5.964912281,0,438.5964912,0,438.5964912,0,American Samoa,2000
0,0,0,0,0,0,0,0,0,0,0,0,0,0,Angola,1980
0,0,0,0,0,0,0,0,0,0,0,0,0,0,Angola,1990
0,0,0,0,0,0,0,0,0,0,0,0,0,0,Angola,2000
0,0,0,0,0,0,0,0,0,0,0,0,0,0,Angola,2010
0,0,0,0,0,,,,0,0,0,0,0,,Anguilla,1910
0,0,0,0,0,,,,0,0,0,0,0,,Anguilla,1920
0,0,0,0,0,,,,0,0,0,0,0,,Anguilla,1930
0,0,0,0,0,,,,0,0,0,0,0,,Anguilla,1940
0,0,0,0,0,,,,0,0,0,0,0,,Anguilla,1950
0,0,0,0,0,0,0,0,0,0,0,0,0,0,Anguilla,1960
0,0,0,0,0,0,0,0,0,0,0,0,0,0,Anguilla,1970
0,0,0,0,0,0,0,0,0,0,0,0,0,0,Anguilla,1980
0,0,0,0,0,0,0,0,0,0,0,0,0,0,Anguilla,1990
0,0,0,0,0,0,0,0,0,0,0,0,0,0,Anguilla,2000
0,0,0,0,0,0,0,0,0,0,0,0,0,0,Anguilla,2010
0,0,0,0,0,,,,0,0,0,0,0,,Antigua and Barbuda,1950
0,0,0,0,0,0,0,0,0,0,0,0,0,0,Antigua and Barbuda,1960
0,0,0,0,0,0,0,0,0,0,0,0,0,0,Antigua and Barbuda,1970
0,0,0,0,0,0,0,0,0,0,0,0,0,0,Antigua and Barbuda,1980
0,0,0,0,0,0,0,0,0,0,0,0,0,0,Antigua and Barbuda,1990
0,0,0,0,0,0,0,0,0,0,0,0,0,0,Antigua and Barbuda,2000
0,0,0,0,0,0,0,0,0,0,0,0,0,0,Antigua and Barbuda,2010
40,0,0,0,0,,,,0.450202332,0,0,0,0,,Argentina,1920
0,0,0,0,0,,,,0,0,0,0,0,,Argentina,1930
1000,3500,12000,0,15500,,,,6.601007327,23.10352564,79.21208792,0,102.3156136,,Argentina,1940
0,0,0,0,0,,,,0,0,0,0,0,,Argentina,1950
0,0,0,0,0,0,0,0,0,0,0,0,0,0,Argentina,1960
7,10,0,4000,4010,0,0,8000,0.026255579,0.03750797,0,15.00318818,15.04069615,0.01408922,Argentina,1970
0.6,23.8,4500,0,4523.8,0,0,0,0.001985703,0.078766217,14.89277204,0,14.97153826,0,Argentina,1980
0,0,0,0,0,0,0,0,0,0,0,0,0,0,Argentina,1990
0,2.7,50,20,72.7,0,0,0,0,0.007165225,0.132689348,0.053075739,0.192930312,0,Argentina,2000
0,0,0,0,0,0,0,0,0,0,0,0,0,0,Argentina,2010
289,0,0,0,0,,,,25.50068252,0,0,0,0,,Armenia,1930
0,0,0,0,0,,,,0,0,0,0,0,,Armenia,1940
0,0,0,0,0,,,,0,0,0,0,0,,Armenia,1950
0,0,0,0,0,0,0,0,0,0,0,0,0,0,Armenia,1960
0,0,0,0,0,0,0,0,0,0,0,0,0,0,Armenia,1970
0,0,0,0,0,0,0,0,0,0,0,0,0,0,Armenia,1980
0,0,1500,0,1500,0,0,3333.3,0,0,47.87743377,0,47.87743377,0.203312922,Armenia,1990
0,0,0,0,0,0,0,0,0,0,0,0,0,0,Armenia,2000
0,0,0,0,0,0,0,0,0,0,0,0,0,0,Armenia,2010
4842.9,50.8,8765.7,3118.8,11935.3,,,,0.516690196,0.005431862,0.949381941,0.331342684,1.286156486,,Asia,1900
3473.4,251.2,0,7332.9,7584.1,,,,0.339642473,0.025394489,0,0.736197134,0.761591623,,Asia,1910
38548.6,10893.2,12946.3,21058.7,44898.2,,,,3.602518958,1.00983162,1.194662997,1.908112192,4.112606809,,Asia,1920
13111.9,4616.8,92,34617.3,39326.1,,,,1.096192165,0.387445255,0.007480871,2.905284602,3.300210727,,Asia,1930
3395.3,2980.1,1400,55385.7,59765.8,,,,0.259182219,0.223825504,0.108511317,4.180976112,4.513312933,,Asia,1940
1439.2,1415.8,6103,16634.4,24153.2,,,,0.093142654,0.089589136,0.403451579,1.157698626,1.650739341,,Asia,1950
3054.9,1609.1,75721.3,20062,97392.4,0,500,119140,0.15971351,0.08325275,3.896376152,1.001375763,4.981004664,0.047067006,Asia,1960
32729.5,22094.6,176971.6,68680.5,267746.7,0,200,701075.5,1.344812296,0.906188835,7.259512894,2.679086254,10.84478798,0.054407117,Asia,1970
890.3,3155.2,2369231.6,53654.5,2426041.3,0,0,241367.7,0.03147961,0.111477382,76.98608738,1.764371617,78.86193638,0.008516206,Asia,1980
9539.3,30101.5,1749248.8,414497.5,2193847.8,3500000,625890,14922491.3,0.280638289,0.879391754,49.51214215,11.66956014,62.06109404,0.179704627,Asia,1990
44765.3,92413,6734036,1065689,7892138,520000,330204.1,15774591.9,1.128751966,2.312901551,166.2247183,27.10901116,195.646631,0.11191155,Asia,2000
4225.1,19761.6,2354165.4,64872.8,2438799.8,160530,4325600,26672187.1,0.097465593,0.45118115,53.38853216,1.489599429,55.32931274,0.109970241,Asia,2010
0,0,0,0,0,,,,0,0,0,0,0,,Australia,1930
0,0,0,0,0,,,,0,0,0,0,0,,Australia,1940
0,0,0,0,0,,,,0,0,0,0,0,,Australia,1950
0,1.6,387.4,40,429,0,0,260,0,0.013097577,3.171250819,0.327439424,3.511787819,0.000795947,Australia,1960
0,0,0,0,0,0,0,0,0,0,0,0,0,0,Australia,1970
1.2,11.5,200,0,211.5,0,39600,100000,0.00717961,0.068804595,1.196601651,0,1.265406246,0.033414419,Australia,1980
0,0.5,500,2,502.5,0,0,0,0,0.002809147,2.809146581,0.011236586,2.823192314,0,Australia,1990
0,0,0,0,0,0,0,0,0,0,0,0,0,0,Australia,2000
0,0,0,0,0,0,0,0,0,0,0,0,0,0,Australia,2010
0,0,0,0,0,,,,0,0,0,0,0,,Austria,1950
0,0,0,0,0,0,0,0,0,0,0,0,0,0,Austria,1960
0,0,0,0,0,0,0,0,0,0,0,0,0,0,Austria,1970
0,0,0,0,0,0,0,0,0,0,0,0,0,0,Austria,1980
0,0,0,0,0,0,0,0,0,0,0,0,0,0,Austria,1990
0,0,0,0,0,0,0,0,0,0,0,0,0,0,Austria,2000
0,0,0,0,0,0,0,0,0,0,0,0,0,0,Austria,2010
8.6,6,1748,0,1754,,,,0.458706299,0.32002765,93.23472215,0,93.5547498,,Azerbaijan,1900
0,0,0,0,0,,,,0,0,0,0,0,,Azerbaijan,1910
0,0,0,0,0,,,,0,0,0,0,0,,Azerbaijan,1920
0,0,0,0,0,,,,0,0,0,0,0,,Azerbaijan,1930
0,0,0,0,0,,,,0,0,0,0,0,,Azerbaijan,1940
0,0,0,0,0,,,,0,0,0,0,0,,Azerbaijan,1950
0,0,0,0,0,0,0,0,0,0,0,0,0,0,Azerbaijan,1960
0,0,0,0,0,0,0,0,0,0,0,0,0,0,Azerbaijan,1970
0,0,0,0,0,0,0,0,0,0,0,0,0,0,Azerbaijan,1980
0.2,2.8,70075,840,70917.8,0,0,500,0.002493184,0.034864788,877.0263332,10.4296002,887.4907982,0.010913618,Azerbaijan,1990
3.1,60,269.4,0,329.4,0,0,1000,0.03816324,0.738643358,3.316508679,0,4.055152037,0.018965261,Azerbaijan,2000
0,5,1550,694.9,2249.9,0,0,0,0,0.053966541,16.72962763,7.500269833,24.283864,0,Azerbaijan,2010
0,0,0,0,0,,,,0,0,0,0,0,,Bahamas,1920
0,0,0,0,0,,,,0,0,0,0,0,,Bahamas,1930
0,0,0,0,0,,,,0,0,0,0,0,,Bahamas,1940
0,0,0,0,0,,,,0,0,0,0,0,,Bahamas,1950
0,0,0,0,0,0,0,0,0,0,0,0,0,0,Bahamas,1960
0,0,0,0,0,0,0,0,0,0,0,0,0,0,Bahamas,1970
0,0,0,0,0,0,0,0,0,0,0,0,0,0,Bahamas,1980
0,0,0,0,0,0,0,0,0,0,0,0,0,0,Bahamas,1990
0,0,0,0,0,0,0,0,0,0,0,0,0,0,Bahamas,2000
0,0,0,0,0,0,0,0,0,0,0,0,0,0,Bahamas,2010
0,0,0,0,0,,,,0,0,0,0,0,,Bangladesh,1900
0,0,0,0,0,,,,0,0,0,0,0,,Bangladesh,1910
0,0,0,0,0,,,,0,0,0,0,0,,Bangladesh,1920
0,0,0,0,0,,,,0,0,0,0,0,,Bangladesh,1930
0,0,0,0,0,,,,0,0,0,0,0,,Bangladesh,1940
0,0,0,0,0,,,,0,0,0,0,0,,Bangladesh,1950
0,0,0,0,0,0,0,0,0,0,0,0,0,0,Bangladesh,1960
0,0,0,0,0,0,0,0,0,0,0,0,0,0,Bangladesh,1970
0.3,20,0,0,20,0,0,0,0.000303005,0.020115731,0,0,0.020115731,0,Bangladesh,1980
2.9,40,0,1500,1540,0,0,0,0.00239337,0.032620052,0,1.198178768,1.230798821,0,Bangladesh,1990
0.4,2.5,350,0,352.5,0,0,50000,0.000294377,0.001854709,0.263805247,0,0.265659957,0.076794836,Bangladesh,2000
0.9,27,0,0,27,0,0,0,0.000572492,0.017230533,0,0,0.017230533,0,Bangladesh,2010
0,0,0,0,0,,,,0,0,0,0,0,,Barbados,1950
0,0,0,0,0,0,0,0,0,0,0,0,0,0,Barbados,1960
0,0,0,0,0,0,0,0,0,0,0,0,0,0,Barbados,1970
0,0,0,0,0,0,0,0,0,0,0,0,0,0,Barbados,1980
0,0,0,0,0,0,0,0,0,0,0,0,0,0,Barbados,1990
0,0.1,0,0,0.1,0,0,0,0,0.035842294,0,0,0.035842294,0,Barbados,2000
0,0,0,0,0,0,0,0,0,0,0,0,0,0,Barbados,2010
0,0,0,0,0,0,0,0,0,0,0,0,0,0,Belarus,1990
0,0,0,0,0,0,0,0,0,0,0,0,0,0,Belarus,2000
0,0,0,0,0,0,0,0,0,0,0,0,0,0,Belarus,2010
0,0,0,0,0,,,,0,0,0,0,0,,Belgium,1900
0,0,0,0,0,,,,0,0,0,0,0,,Belgium,1910
0,0,0,0,0,,,,0,0,0,0,0,,Belgium,1920
0,0,0,0,0,,,,0,0,0,0,0,,Belgium,1930
0,0,0,0,0,,,,0,0,0,0,0,,Belgium,1940
0,0,0,0,0,,,,0,0,0,0,0,,Belgium,1950
0,0,0,0,0,0,0,0,0,0,0,0,0,0,Belgium,1960
0,0,0,0,0,0,0,0,0,0,0,0,0,0,Belgium,1970
0.2,3,100,0,103,0,0,5000,0.00202061,0.030309153,1.010305112,0,1.040614266,0.005734982,Belgium,1980
0,0,0,0,0,0,0,10000,0,0,0,0,0,0.00425927,Belgium,1990
0,0,0,0,0,0,0,0,0,0,0,0,0,0,Belgium,2000
0,0,0,0,0,0,0,0,0,0,0,0,0,0,Belgium,2010
0,0,0,0,0,,,,0,0,0,0,0,,Belize,1930
0,0,0,0,0,,,,0,0,0,0,0,,Belize,1940
0,0,0,0,0,,,,0,0,0,0,0,,Belize,1950
0,0,0,0,0,0,0,0,0,0,0,0,0,0,Belize,1960
0,0,0,0,0,0,0,0,0,0,0,0,0,0,Belize,1970
0,0,0,0,0,0,0,0,0,0,0,0,0,0,Belize,1980
0,0,0,0,0,0,0,0,0,0,0,0,0,0,Belize,1990
0,0,0,0,0,0,0,0,0,0,0,0,0,0,Belize,2000
0,0,0,0,0,0,0,0,0,0,0,0,0,0,Belize,2010
0,0,0,0,0,0,0,0,0,0,0,0,0,0,Benin,1960
0,0,0,0,0,0,0,0,0,0,0,0,0,0,Benin,1970
0,0,0,0,0,0,0,0,0,0,0,0,0,0,Benin,1980
0,0,0,0,0,0,0,0,0,0,0,0,0,0,Benin,1990
0,0,0,0,0,0,0,0,0,0,0,0,0,0,Benin,2000
0,0,0,0,0,0,0,0,0,0,0,0,0,0,Benin,2010
0,0,0,0,0,,,,0,0,0,0,0,,Bermuda,1940
0,0,0,0,0,,,,0,0,0,0,0,,Bermuda,1950
0,0,0,0,0,0,0,0,0,0,0,0,0,0,Bermuda,1960
0,0,0,0,0,0,0,0,0,0,0,0,0,0,Bermuda,1970
0,0,0,0,0,0,0,0,0,0,0,0,0,0,Bermuda,1980
0,0,0,0,0,0,0,0,0,0,0,0,0,0,Bermuda,1990
0,0,0,0,0,0,0,0,0,0,0,0,0,0,Bermuda,2000
0,0,0,0,0,0,0,0,0,0,0,0,0,0,Bhutan,1990
1.1,1.2,0,0,1.2,0,0,0,0.162241888,0.17699115,0,0,0.17699115,0,Bhutan,2000
0.1,1.6,2000,0,2001.6,0,0,0,0.014430014,0.230880231,288.6002886,0,288.8311688,0,Bhutan,2010
0,0,0,0,0,0,0,0,0,0,0,0,0,0,Bolivia,1960
0,0,0,0,0,0,0,0,0,0,0,0,0,0,Bolivia,1970
0,0,0,0,0,0,0,0,0,0,0,0,0,0,Bolivia,1980
10,5,1110,690,1805,0,0,0,0.124023535,0.061751266,13.70878103,8.521674694,22.29220699,0,Bolivia,1990
0,0,0,0,0,0,0,0,0,0,0,0,0,0,Bolivia,2000
0,0,0,0,0,0,0,0,0,0,0,0,0,0,Bolivia,2010
0,0,0,0,0,0,0,0,0,0,0,0,0,0,Bosnia and Herzegovina,1990
0,0,0,0,0,0,0,0,0,0,0,0,0,0,Bosnia and Herzegovina,2000
0,0,0,0,0,0,0,0,0,0,0,0,0,0,Bosnia and Herzegovina,2010
0,0,0,0,0,0,0,0,0,0,0,0,0,0,Botswana,1960
0,0,0,0,0,0,0,0,0,0,0,0,0,0,Botswana,1970
0,0,0,0,0,0,0,0,0,0,0,0,0,0,Botswana,1980
0,0,0,0,0,0,0,0,0,0,0,0,0,0,Botswana,1990
0,0,0,0,0,0,0,0,0,0,0,0,0,0,Botswana,2000
0,0,0,0,0,0,0,0,0,0,0,0,0,0,Botswana,2010
0,0,0,0,0,,,,0,0,0,0,0,,Brazil,1940
0,0,0,0,0,,,,0,0,0,0,0,,Brazil,1950
0,0,0,0,0,0,0,0,0,0,0,0,0,0,Brazil,1960
0,0,0,0,0,0,0,0,0,0,0,0,0,0,Brazil,1970
0.1,0,1500,800,2300,0,0,500,0.0000724,0,1.086098724,0.579252653,1.665351377,0.000186472,Brazil,1980
0,0,0,0,0,0,0,0,0,0,0,0,0,0,Brazil,1990
0.1,0.6,28,0,28.6,0,0,0,0.0000526,0.000315574,0.014726766,0,0.015042339,0,Brazil,2000
0,0,0,0,0,0,0,0,0,0,0,0,0,0,Brazil,2010
0,0,0,0,0,0,0,0,0,0,0,0,0,0,British Virgin Islands,1990
0,0,0,0,0,0,0,0,0,0,0,0,0,0,British Virgin Islands,2000
0,0,0,0,0,0,0,0,0,0,0,0,0,0,British Virgin Islands,2010
0,0,0,0,0,0,0,0,0,0,0,0,0,0,Brunei,1990
10.7,0,0,0,0,,,,0.181964341,0,0,0,0,,Bulgaria,1920
0,0,0,0,0,,,,0,0,0,0,0,,Bulgaria,1930
0,0,0,0,0,,,,0,0,0,0,0,,Bulgaria,1940
0,0,0,0,0,,,,0,0,0,0,0,,Bulgaria,1950
0,0,0,0,0,0,0,0,0,0,0,0,0,0,Bulgaria,1960
2,16.5,0,0,16.5,0,0,0,0.022722109,0.187457396,0,0,0.187457396,0,Bulgaria,1970
0.3,6,0,300,306,0,0,0,0.003343363,0.066867268,0,3.343363424,3.410230692,0,Bulgaria,1980
0.1,0,0,0,0,0,0,0,0.001131094,0,0,0,0,0,Bulgaria,1990
0,0.2,52.5,0,52.7,0,0,0,0,0.002620888,0.687983226,0,0.690604115,0,Bulgaria,2000
0,7,14,0,21,0,0,0,0,0.095445869,0.190891737,0,0.286337606,0,Bulgaria,2010
0,0,0,0,0,,,,0,0,0,0,0,,Burkina Faso,1910
0,0,0,0,0,,,,0,0,0,0,0,,Burkina Faso,1920
0,0,0,0,0,,,,0,0,0,0,0,,Burkina Faso,1930
0,0,0,0,0,,,,0,0,0,0,0,,Burkina Faso,1940
0,0,0,0,0,,,,0,0,0,0,0,,Burkina Faso,1950
0,0,0,0,0,0,0,0,0,0,0,0,0,0,Burkina Faso,1960
0,0,0,0,0,0,0,0,0,0,0,0,0,0,Burkina Faso,1970
0,0,0,0,0,0,0,0,0,0,0,0,0,0,Burkina Faso,1980
0,0,0,0,0,0,0,0,0,0,0,0,0,0,Burkina Faso,1990
0,0,0,0,0,0,0,0,0,0,0,0,0,0,Burkina Faso,2000
0,0,0,0,0,0,0,0,0,0,0,0,0,0,Burkina Faso,2010
0,0,0,0,0,0,0,0,0,0,0,0,0,0,Burundi,1980
0,0,0,0,0,0,0,0,0,0,0,0,0,0,Burundi,1990
0.3,0,0,12,12,0,0,0,0.004206394,0,0,0.168255749,0.168255749,0,Burundi,2000
0,0,0,0,0,0,0,0,0,0,0,0,0,0,Burundi,2010
0,0,0,0,0,0,0,0,0,0,0,0,0,0,Cambodia,1980
0,0,0,0,0,0,0,0,0,0,0,0,0,0,Cambodia,1990
0,0,0,0,0,0,0,0,0,0,0,0,0,0,Cambodia,2000
0,0,0,0,0,0,0,0,0,0,0,0,0,0,Cambodia,2010
0,0,0,0,0,0,0,0,0,0,0,0,0,0,Cameroon,1970
0,0,0,0,0,0,0,0,0,0,0,0,0,0,Cameroon,1980
0,0,0,0,0,0,0,0,0,0,0,0,0,0,Cameroon,1990
0,0,0,0,0,0,0,0,0,0,0,0,0,0,Cameroon,2000
0,0,0,0,0,0,0,0,0,0,0,0,0,0,Cameroon,2010
0,0,0,0,0,,,,0,0,0,0,0,,Canada,1900
0,0,0,0,0,,,,0,0,0,0,0,,Canada,1910
2.7,0,0,0,0,,,,0.0268074,0,0,0,0,,Canada,1920
0,0,0,0,0,,,,0,0,0,0,0,,Canada,1930
0,0,0,0,0,,,,0,0,0,0,0,,Canada,1940
0,0,0,0,0,,,,0,0,0,0,0,,Canada,1950
0,0,0,0,0,0,0,0,0,0,0,0,0,0,Canada,1960
0,0,0,0,0,0,0,0,0,0,0,0,0,0,Canada,1970
0,0,0,0,0,0,0,0,0,0,0,0,0,0,Canada,1980
0,0,0,0,0,0,0,0,0,0,0,0,0,0,Canada,1990
0,0,0,0,0,0,0,0,0,0,0,0,0,0,Canada,2000
0,0,0,0,0,0,0,0,0,0,0,0,0,0,Canada,2010
0,0,0,0,0,,,,0,0,0,0,0,,Cape Verde,1900
0,0,0,0,0,,,,0,0,0,0,0,,Cape Verde,1910
0,0,0,0,0,,,,0,0,0,0,0,,Cape Verde,1920
0,0,0,0,0,,,,0,0,0,0,0,,Cape Verde,1930
0,0,0,0,0,,,,0,0,0,0,0,,Cape Verde,1940
0,0,0,0,0,,,,0,0,0,0,0,,Cape Verde,1950
0,0,0,0,0,0,0,0,0,0,0,0,0,0,Cape Verde,1960
0,0,0,0,0,0,0,0,0,0,0,0,0,0,Cape Verde,1970
0,0,0,0,0,0,0,0,0,0,0,0,0,0,Cape Verde,1980
0,0,0,0,0,0,0,0,0,0,0,0,0,0,Cape Verde,1990
0,0,0,0,0,0,0,0,0,0,0,0,0,0,Cape Verde,2000
0,0,0,0,0,0,0,0,0,0,0,0,0,0,Cape Verde,2010
0,0,0,0,0,0,0,0,0,0,0,0,0,0,Cayman Islands,2000
0,0,0,0,0,0,0,0,0,0,0,0,0,0,Central African Republic,1970
0,0,0,0,0,0,0,0,0,0,0,0,0,0,Central African Republic,1980
0,0,0,0,0,0,0,0,0,0,0,0,0,0,Central African Republic,1990
0,0,0,0,0,0,0,0,0,0,0,0,0,0,Central African Republic,2000
0,0,0,0,0,0,0,0,0,0,0,0,0,0,Central African Republic,2010
0,0,0,0,0,,,,0,0,0,0,0,,Chad,1910
0,0,0,0,0,,,,0,0,0,0,0,,Chad,1920
0,0,0,0,0,,,,0,0,0,0,0,,Chad,1930
0,0,0,0,0,,,,0,0,0,0,0,,Chad,1940
0,0,0,0,0,,,,0,0,0,0,0,,Chad,1950
0,0,0,0,0,0,0,0,0,0,0,0,0,0,Chad,1960
0,0,0,0,0,0,0,0,0,0,0,0,0,0,Chad,1970
0,0,0,0,0,0,0,0,0,0,0,0,0,0,Chad,1980
0,0,0,0,0,0,0,0,0,0,0,0,0,0,Chad,1990
0,0,0,0,0,0,0,0,0,0,0,0,0,0,Chad,2000
0,0,0,0,0,0,0,0,0,0,0,0,0,0,Chad,2010
2000,0,0,0,0,,,,62.13132823,0,0,0,0,,Chile,1900
0,0,0,0,0,,,,0,0,0,0,0,,Chile,1910
122,0,0,0,0,,,,3.096807627,0,0,0,0,,Chile,1920
3000,5850,0,0,5850,,,,59.37910829,115.7892612,0,0,115.7892612,,Chile,1930
5.5,20.8,0,0,20.8,,,,0.092995649,0.349005498,0,0,0.349005498,,Chile,1940
1.5,9,0,0,9,,,,0.021379704,0.123258289,0,0,0.123258289,,Chile,1950
640.4,335.6,202300,0,202635.6,0,0,67540,7.826660504,4.084552461,2484.641732,0,2488.726284,1.546179087,Chile,1960
8.5,45.1,234852.2,0,234897.3,0,0,23640,0.085487277,0.453585437,2361.985316,0,2362.438902,0.217197269,Chile,1970
18.9,261.9,98129.2,50500,148891.1,0,9000,150200,0.154168702,2.134522274,800.6330766,411.8849199,1214.652519,0.848260086,Chile,1980
1.1,15.6,4120,1357.5,5493.1,0,0,4966,0.007496609,0.106609905,27.88705166,9.191933749,37.18559532,0.005876239,Chile,1990
2.3,33.7,5246.3,0,5280,0,4000,10500,0.014056785,0.206232601,32.09429439,0,32.30052699,0.006166789,Chile,2000
59,1036.3,308115.6,80000,389151.9,0,835000,3100000,0.344949982,6.072772987,1773.502347,468.8507296,2248.42585,1.413138505,Chile,2010
1480.1,0,1000,0,1000,,,,0.35710198,0,0.241437524,0,0.241437524,,China,1900
1291.2,11.2,0,0,11.2,,,,0.280912799,0.002558548,0,0,0.002558548,,China,1910
23102.4,52.4,0,13487,13539.4,,,,4.872763191,0.010814588,0,2.783737902,2.794552489,,China,1920
2107.7,3.1,0,7069.5,7072.6,,,,0.423935021,0.000609409,0,1.389795589,1.390404998,,China,1930
139.6,193.5,0,10673.5,10867,,,,0.026081561,0.036241143,0,2.041791666,2.078032809,,China,1940
9.3,11.3,0,15362,15373.3,,,,0.001563921,0.001845675,0,2.693927161,2.695772836,,China,1950
300,0,0,5589.5,5589.5,0,0,0,0.037221491,0,0,0.694970834,0.694970834,0,China,1960
27404.2,16719.5,200,57238.5,74158,0,0,560000,2.93013693,1.772110898,0.020281261,5.805270377,7.597662536,0.363778095,China,1970
126.4,735.5,136488.5,44264,181488,0,0,48700,0.011346055,0.067486408,12.03920467,3.889690701,15.99638178,0.01488057,China,1980
64,3544.9,961023.4,220112.6,1184680.9,0,0,112970,0.005174061,0.282888651,76.28036391,17.57061865,94.13387121,0.013483877,China,1990
8794.7,38782.9,5267437.7,168128.6,5474349.2,0,31000,8699220.7,0.649820616,2.869016696,390.6350072,12.72900724,406.2330312,0.192991716,China,2000
421.9,7167.1,787268.3,22203.7,816639.1,0,6800,1824145,0.030637398,0.517561221,56.39973527,1.61018789,58.52748438,0.018512191,China,2010
40,0,0,0,0,,,,0.864309278,0,0,0,0,,Colombia,1900
0,0,0,0,0,,,,0,0,0,0,0,,Colombia,1910
30,0,0,0,0,,,,0.434490367,0,0,0,0,,Colombia,1920
1.8,0,0,0,0,,,,0.020583546,0,0,0,0,,Colombia,1930
0,0,0,0,0,,,,0,0,0,0,0,,Colombia,1940
32.2,4.6,0,4000,4004.6,,,,0.249656128,0.030483764,0,33.38340845,33.41389221,,Colombia,1950
12.8,50,4000,0,4050,0,0,60,0.068327365,0.276327057,20.16332292,0,20.43964997,0.001030013,Colombia,1960
65,164.8,1300,0,1464.8,0,0,2840,0.247519036,0.626819443,5.197050887,0,5.82387033,0.010577009,Colombia,1970
26,120,3500,0,3620,0,0,41590,0.090702303,0.417914606,12.18917601,0,12.60709062,0.107468019,Colombia,1980
152.7,918.7,77572.4,48221.2,126712.3,0,10000,185976.6,0.399354593,2.370649313,199.5733508,124.3452442,326.2892443,0.215800043,Colombia,1990
1.4,8.1,861.6,220,1089.7,0,0,1000,0.003227928,0.018573816,2.052495524,0.502969974,2.574039314,0.000412904,Colombia,2000
0,1.6,5033.5,90,5125.1,0,0,400,0,0.003436587,10.63627353,0.191711758,10.83142188,0.00010468,Colombia,2010
0,0,0,0,0,,,,0,0,0,0,0,,Comoros,1900
0,0,0,0,0,,,,0,0,0,0,0,,Comoros,1910
0,0,0,0,0,,,,0,0,0,0,0,,Comoros,1920
0,0,0,0,0,,,,0,0,0,0,0,,Comoros,1930
0,0,0,0,0,,,,0,0,0,0,0,,Comoros,1940
0,0,0,0,0,,,,0,0,0,0,0,,Comoros,1950
0,0,0,0,0,0,0,0,0,0,0,0,0,0,Comoros,1960
0,0,0,0,0,0,0,0,0,0,0,0,0,0,Comoros,1970
0,0,0,0,0,0,0,0,0,0,0,0,0,0,Comoros,1980
0,0,0,0,0,0,0,0,0,0,0,0,0,0,Comoros,1990
0,0,0,0,0,0,0,0,0,0,0,0,0,0,Comoros,2000
0,0,1000,0,1000,0,0,0,0,0,131.7523057,0,131.7523057,0,Comoros,2010
0,0,0,0,0,0,0,0,0,0,0,0,0,0,Congo,1960
0,0,0,0,0,0,0,0,0,0,0,0,0,0,Congo,1970
0,0,0,0,0,0,0,0,0,0,0,0,0,0,Congo,1980
0,0,0,0,0,0,0,0,0,0,0,0,0,0,Congo,1990
0,0,0,0,0,0,0,0,0,0,0,0,0,0,Congo,2000
0,0,0,0,0,0,0,0,0,0,0,0,0,0,Congo,2010
245,0,0,0,0,,,,68.20636741,0,0,0,0,,Costa Rica,1910
0,0,0,0,0,,,,0,0,0,0,0,,Costa Rica,1920
0,0,0,0,0,,,,0,0,0,0,0,,Costa Rica,1930
0,0,0,0,0,,,,0,0,0,0,0,,Costa Rica,1940
3.9,0,0,0,0,,,,0.379511248,0,0,0,0,,Costa Rica,1950
0,0,0,0,0,0,0,0,0,0,0,0,0,0,Costa Rica,1960
2.1,9.8,356.3,8.4,374.5,0,0,20,0.105368791,0.491721024,17.8775715,0.421475163,18.79076769,0.001308116,Costa Rica,1970
1.2,6,547.5,0,553.5,0,0,600,0.046278442,0.23139221,21.11453914,0,21.34593135,0.01906717,Costa Rica,1980
5.1,54.8,697,1790,2541.8,0,0,11950,0.158886213,1.730812681,21.76108773,57.06606904,80.55796945,0.173101282,Costa Rica,1990
4.1,16.6,12884.2,2.5,12903.3,0,10000,20000,0.092306886,0.381398176,285.0365167,0.059171598,285.4770864,0.065049721,Costa Rica,2000
0.2,22.5,53.7,0,76.2,0,3200,4500,0.004266212,0.479948805,1.145477816,0,1.625426621,0.009527509,Costa Rica,2010
0,0,0,0,0,0,0,0,0,0,0,0,0,0,Cote d'Ivoire,1980
0,0,0,0,0,0,0,0,0,0,0,0,0,0,Cote d'Ivoire,1990
0,0,0,0,0,0,0,0,0,0,0,0,0,0,Cote d'Ivoire,2000
0,0,0,0,0,0,0,0,0,0,0,0,0,0,Cote d'Ivoire,2010
0,0,0,200,200,0,0,0,0,0,0,4.371584699,4.371584699,0,Croatia,1990
0,0,0,0,0,0,0,0,0,0,0,0,0,0,Croatia,2000
0,0,0,0,0,0,0,0,0,0,0,0,0,0,Croatia,2010
0,0,0,0,0,,,,0,0,0,0,0,,Cuba,1920
0,0,0,0,0,,,,0,0,0,0,0,,Cuba,1930
0,0,0,0,0,,,,0,0,0,0,0,,Cuba,1940
0,0,0,0,0,,,,0,0,0,0,0,,Cuba,1950
0,0,0,0,0,0,0,0,0,0,0,0,0,0,Cuba,1960
0.1,0.8,0,0,0.8,0,0,0,0.001046682,0.008373456,0,0,0.008373456,0,Cuba,1970
0,0,0,0,0,0,0,0,0,0,0,0,0,0,Cuba,1980
0,4,582.9,0,586.9,0,0,0,0,0.037257824,5.429396423,0,5.466654247,0,Cuba,1990
0,0,0,0,0,0,0,0,0,0,0,0,0,0,Cuba,2000
0,0,0,0,0,0,0,0,0,0,0,0,0,0,Cuba,2010
4,10,0,250,260,,,,0.779727096,1.949317739,0,48.73294347,50.68226121,,Cyprus,1950
0,0,0,0,0,0,0,0,0,0,0,0,0,0,Cyprus,1960
0,0,0,0,0,0,0,0,0,0,0,0,0,0,Cyprus,1970
0,0,0,0,0,0,0,0,0,0,0,0,0,0,Cyprus,1980
0.2,0.5,171,15,186.5,0,0,434,0.023391813,0.058479532,20,1.754385965,21.8128655,0.004369216,Cyprus,1990
0,0,0,0,0,0,0,0,0,0,0,0,0,0,Cyprus,2000
0,0,0,0,0,0,0,0,0,0,0,0,0,0,Czechia,1990
0,0,0,0,0,0,0,0,0,0,0,0,0,0,Czechia,2000
0,0,0,0,0,0,0,0,0,0,0,0,0,0,Czechia,2010
0,0,0,0,0,0,0,0,0,0,0,0,0,0,Czechoslovakia,1970
0,0,0,0,0,0,0,0,0,0,0,0,0,0,Czechoslovakia,1980
2.4,60,300,0,360,0,0,20,0.013436345,0.335908633,1.679543164,0,2.015451797,0.000441242,Democratic Republic of Congo,1960
0,0,0,0,0,0,0,0,0,0,0,0,0,0,Democratic Republic of Congo,1970
0,0,0,0,0,0,0,0,0,0,0,0,0,0,Democratic Republic of Congo,1980
0.9,6.1,0,25,31.1,0,0,0,0.002410671,0.016338994,0,0.06696309,0.083302084,0,Democratic Republic of Congo,1990
1.7,0.5,1735.5,150,1886,0,0,700,0.002916031,0.000912642,2.872821175,0.273792575,3.147526392,0.003537405,Democratic Republic of Congo,2000
0.3,3,26,10,39,0,0,0,0.000393468,0.003934684,0.034100597,0.013115614,0.051150895,0,Democratic Republic of Congo,2010
0,0,0,0,0,0,0,0,0,0,0,0,0,0,Denmark,1970
0,0,0,0,0,0,0,0,0,0,0,0,0,0,Denmark,1980
0,0,0,0,0,0,0,0,0,0,0,0,0,0,Denmark,1990
0,0,0,0,0,0,0,0,0,0,0,0,0,0,Denmark,2000
0,0,0,0,0,0,0,0,0,0,0,0,0,0,Denmark,2010
0,0,0,0,0,0,0,0,0,0,0,0,0,0,Djibouti,1970
0,0,0,0,0,0,0,0,0,0,0,0,0,0,Djibouti,1980
0,0,0,0,0,0,0,0,0,0,0,0,0,0,Djibouti,1990
0,0,0,0,0,0,0,0,0,0,0,0,0,0,Djibouti,2000
0,0,0,0,0,0,0,0,0,0,0,0,0,0,Djibouti,2010
0,0,0,0,0,,,,0,0,0,0,0,,Dominica,1930
0,0,0,0,0,,,,0,0,0,0,0,,Dominica,1940
0,0,0,0,0,,,,0,0,0,0,0,,Dominica,1950
0,0,0,0,0,0,0,0,0,0,0,0,0,0,Dominica,1960
0,0,0,0,0,0,0,0,0,0,0,0,0,0,Dominica,1970
0,0,0,0,0,0,0,0,0,0,0,0,0,0,Dominica,1980
0,0,0,0,0,0,0,0,0,0,0,0,0,0,Dominica,1990
0,0,10,0,10,0,0,0,0,0,14.28571429,0,14.28571429,0,Dominica,2000
0,0,0,0,0,0,0,0,0,0,0,0,0,0,Dominica,2010
0,0,0,0,0,,,,0,0,0,0,0,,Dominican Republic,1930
7.3,0,0,0,0,,,,0.367581895,0,0,0,0,,Dominican Republic,1940
0,0,0,0,0,,,,0,0,0,0,0,,Dominican Republic,1950
0,0,0,0,0,0,0,0,0,0,0,0,0,0,Dominican Republic,1960
0,0,0,0,0,0,0,0,0,0,0,0,0,0,Dominican Republic,1970
0,0,0,0,0,0,0,0,0,0,0,0,0,0,Dominican Republic,1980
0,0,0,0,0,0,0,0,0,0,0,0,0,0,Dominican Republic,1990
0.3,1.5,200,0,201.5,0,0,0,0.003389831,0.016949153,2.259887006,0,2.276836158,0,Dominican Republic,2000
0,0,0,0,0,0,0,0,0,0,0,0,0,0,Dominican Republic,2010
4,0,0,0,0,,,,0.207002159,0,0,0,0,,Ecuador,1920
0,0,0,0,0,,,,0,0,0,0,0,,Ecuador,1930
620,0,10000,0,10000,,,,18.86451301,0,302.0663452,0,302.0663452,,Ecuador,1940
0,0,0,0,0,,,,0,0,0,0,0,,Ecuador,1950
0,0,0,0,0,0,0,0,0,0,0,0,0,0,Ecuador,1960
4.9,12,6000,4799.2,10811.2,0,0,2800,0.075607971,0.197726149,98.86307464,73.94707112,173.0078719,0.040370831,Ecuador,1970
501,4.6,0,15000,15004.6,0,0,150000,5.263111858,0.056370042,0,157.5299307,157.5863007,1.075621044,Ecuador,1980
3.7,32,2295,1687.5,4014.5,0,0,700,0.032059057,0.274941504,20.36982091,14.40447291,35.04923532,0.002774872,Ecuador,1990
0,0,0,0,0,0,0,0,0,0,0,0,0,0,Ecuador,2000
67.6,640.3,38337.5,1.5,38979.3,334400,56000,200000,0.409982031,3.882353069,232.4683554,0.00863359,236.359342,0.200124686,Ecuador,2010
1.2,0,0,0,0,,,,0.008421115,0,0,0,0,,Egypt,1920
0,0,0,0,0,,,,0,0,0,0,0,,Egypt,1930
0,0,0,0,0,,,,0,0,0,0,0,,Egypt,1940
2,2.8,0,0,2.8,,,,0.008612152,0.012057012,0,0,0.012057012,,Egypt,1950
0.2,1.6,0,53.5,55.1,0,0,0,0.000593419,0.004747352,0,0.158739578,0.16348693,0,Egypt,1960
0,0,0,0,0,0,0,0,0,0,0,0,0,0,Egypt,1970
0,0,0,0,0,0,0,0,0,0,0,0,0,0,Egypt,1980
56.2,999.8,5770,2502,9271.8,0,0,120000,0.095694635,1.703502966,9.835171391,4.264748496,15.80342285,0.28669734,Egypt,1990
0,0,25,0,25,0,0,0,0,0,0.034972372,0,0.034972372,0,Egypt,2000
0,0,0,0,0,0,0,0,0,0,0,0,0,0,Egypt,2010
40,0,0,0,0,,,,2.437478672,0,0,0,0,,El Salvador,1930
0,0,0,0,0,,,,0,0,0,0,0,,El Salvador,1940
110,0,0,0,0,,,,4.91510277,0,0,0,0,,El Salvador,1950
12.5,113.8,9058.2,4800,13972,0,0,3500,0.390502968,3.555139019,282.9803187,149.9531396,436.4885973,0.398760425,El Salvador,1960
0,0,0,0,0,0,0,0,0,0,0,0,0,0,El Salvador,1970
112,2000,53000,25250,80250,0,22500,150500,2.241341167,39.9840064,1062.931382,505.0776818,1607.99307,3.991734699,El Salvador,1980
0,0,0,0,0,0,0,0,0,0,0,0,0,0,El Salvador,1990
116,812.3,159964.8,0,160777.1,0,29000,184850,1.95711042,13.70504361,2698.195869,0,2711.900913,1.504982653,El Salvador,2000
0.1,0,265.9,0,265.9,0,0,0,0.001549427,0,4.139825421,0,4.139825421,0,El Salvador,2010
0,0,0,0,0,0,0,0,0,0,0,0,0,0,Eritrea,1990
0,0,0,0,0,0,0,0,0,0,0,0,0,0,Eritrea,2000
0,0,0,0,0,0,0,0,0,0,0,0,0,0,Estonia,2000
0,0,0,0,0,0,0,0,0,0,0,0,0,0,Estonia,2010
0,0,0,0,0,0,0,0,0,0,0,0,0,0,Eswatini,1980
0,0,0,0,0,0,0,0,0,0,0,0,0,0,Eswatini,1990
0,0,0,0,0,0,0,0,0,0,0,0,0,0,Eswatini,2000
0,0,0,0,0,0,0,0,0,0,0,0,0,0,Eswatini,2010
5.4,16.5,0,42,58.5,0,0,32,0.02191175,0.059668029,0,0.151882255,0.211550284,0,Ethiopia,1960
0,0,0,0,0,0,0,0,0,0,0,0,0,0,Ethiopia,1970
0,0,0,0,0,0,0,0,0,0,0,0,0,0,Ethiopia,1980
0,0,0,0,0,0,0,0,0,0,0,0,0,0,Ethiopia,1990
0,0,0,0,0,0,0,0,0,0,0,0,0,0,Ethiopia,2000
0,0,0,0,0,0,0,0,0,0,0,0,0,0,Ethiopia,2010
7575.7,200,15162,2010,17372,,,,1.761604503,0.047728637,3.526202555,0.479672802,4.053603994,,Europe,1900
3011.4,0,0,66.9,66.9,,,,0.665937949,0,0,0.014851144,0.014851144,,Europe,1910
181,0,0,0,0,,,,0.038825496,0,0,0,0,,Europe,1920
221.2,77.7,2259.4,1231.8,3568.9,,,,0.044113893,0.015574503,0.451480449,0.247152094,0.714207046,,Europe,1930
104.7,17.5,1011,3622,4650.5,,,,0.019307858,0.003287667,0.18710567,0.676516384,0.866909721,,Europe,1940
64.4,303.1,2505.6,14274.2,17082.9,,,,0.011341505,0.053419433,0.434289479,2.523522945,3.011231857,,Europe,1950
146.2,622.7,36392.7,12502,49517.4,0,0,141020,0.023241083,0.098227251,5.607940555,1.942139061,7.648306867,0.036726272,Europe,1960
285.9,1395.3,121694.2,32700,155789.5,0,0,664160,0.041835464,0.204004646,17.71052937,4.786775522,22.70130954,0.0327151,Europe,1970
483.7,962.5,58777,1330,61069.5,0,0,2175050,0.069693071,0.13846282,8.443633685,0.188885011,8.770981516,0.055442846,Europe,1980
225.6,445,15318.6,6209.8,21973.4,0,2800,1043294.4,0.031021264,0.061346082,2.109024712,0.854682665,3.025053459,0.010198762,Europe,1990
34.8,152.5,2792.5,9311.9,12256.9,0,29900,494987.2,0.004737943,0.020768836,0.381557911,1.271724463,1.67405121,0.003218682,Europe,2000
42.1,267.2,35597.9,3047,38912.1,0,278900,2293326,0.005652529,0.035911567,4.776427016,0.412327104,5.224665687,0.011085075,Europe,2010
0,0,0,0,0,,,,0,0,0,0,0,,Fiji,1930
0,0,0,0,0,,,,0,0,0,0,0,,Fiji,1940
0,0,0,0,0,,,,0,0,0,0,0,,Fiji,1950
0,0,0,0,0,0,0,0,0,0,0,0,0,0,Fiji,1960
0,0,0,0,0,0,0,0,0,0,0,0,0,0,Fiji,1970
0,0,0,0,0,0,0,0,0,0,0,0,0,0,Fiji,1980
0,0,0,0,0,0,0,0,0,0,0,0,0,0,Fiji,1990
0,0,0,0,0,0,0,0,0,0,0,0,0,0,Fiji,2000
0,0,0,0,0,0,0,0,0,0,0,0,0,0,Fiji,2010
0,0,0,0,0,0,0,0,0,0,0,0,0,0,Finland,1990
0,0,0,0,0,0,0,0,0,0,0,0,0,0,Finland,2000
4.6,0,0,0,0,,,,0.011162455,0,0,0,0,,France,1900
0,0,0,0,0,,,,0,0,0,0,0,,France,1910
0,0,0,0,0,,,,0,0,0,0,0,,France,1920
0,0,0,0,0,,,,0,0,0,0,0,,France,1930
0,0,0,0,0,,,,0,0,0,0,0,,France,1940
0,0,0,0,0,,,,0,0,0,0,0,,France,1950
0.1,8,0,102,110,0,0,0,0.000201406,0.016112465,0,0.205433929,0.221546394,0,France,1960
1.1,0.2,0,0,0.2,0,0,0,0.002050823,0.000372877,0,0,0.000372877,0,France,1970
0,0,0,0,0,0,0,0,0,0,0,0,0,0,France,1980
0,0,0,0,0,0,0,0,0,0,0,0,0,0,France,1990
0,0,0,0,0,0,0,0,0,0,0,0,0,0,France,2000
0,0.4,75,0,75.4,0,0,0,0,0.000614156,0.115154307,0,0.115768463,0,France,2010
0,0,0,0,0,0,0,0,0,0,0,0,0,0,French Guiana,1990
0,0,0,0,0,0,0,0,0,0,0,0,0,0,French Guiana,2000
0,0,0,0,0,0,0,0,0,0,0,0,0,0,French Guiana,2010
0,0,0,0,0,,,,0,0,0,0,0,,French Polynesia,1950
0,0,0,0,0,0,0,0,0,0,0,0,0,0,French Polynesia,1960
0,0,0,0,0,0,0,0,0,0,0,0,0,0,French Polynesia,1970
0,0,0,0,0,0,0,0,0,0,0,0,0,0,French Polynesia,1980
0,0,0,0,0,0,0,0,0,0,0,0,0,0,French Polynesia,1990
0,0,0,0,0,0,0,0,0,0,0,0,0,0,French Polynesia,2000
0,0,0,0,0,0,0,0,0,0,0,0,0,0,French Polynesia,2010
0,0,0,0,0,0,0,0,0,0,0,0,0,0,Gabon,1980
0,0,0,0,0,0,0,0,0,0,0,0,0,0,Gabon,1990
0,0,0,0,0,0,0,0,0,0,0,0,0,0,Gabon,2000
0,0,0,0,0,0,0,0,0,0,0,0,0,0,Gabon,2010
0,0,0,0,0,,,,0,0,0,0,0,,Gambia,1910
0,0,0,0,0,,,,0,0,0,0,0,,Gambia,1920
0,0,0,0,0,,,,0,0,0,0,0,,Gambia,1930
0,0,0,0,0,,,,0,0,0,0,0,,Gambia,1940
0,0,0,0,0,,,,0,0,0,0,0,,Gambia,1950
0,0,0,0,0,0,0,0,0,0,0,0,0,0,Gambia,1960
0,0,0,0,0,0,0,0,0,0,0,0,0,0,Gambia,1970
0,0,0,0,0,0,0,0,0,0,0,0,0,0,Gambia,1980
0,0,0,0,0,0,0,0,0,0,0,0,0,0,Gambia,1990
0,0,0,0,0,0,0,0,0,0,0,0,0,0,Gambia,2000
0,0,0,0,0,0,0,0,0,0,0,0,0,0,Gambia,2010
0.9,21,219,135,375,0,0,0,0.016774631,0.391085223,4.075935232,2.512562814,6.979583269,0,Georgia,1990
0.6,7.6,2530,108.6,2646.2,0,0,35000,0.014087814,0.178924473,59.98619036,2.549894341,62.71500918,1.030706813,Georgia,2000
0,0,0,0,0,0,0,0,0,0,0,0,0,0,Georgia,2010
0.1,2.5,150,0,152.5,0,0,5000,0.000125058,0.003126446,0.187586759,0,0.190713205,0.000234569,Germany,1990
0,0,15,0,15,0,800,1200,0,0,0.018371996,0,0.018371996,0.0000427,Germany,2000
0,0,0,0,0,0,0,0,0,0,0,0,0,0,Germany,2010
2.2,13,0,750,763,,,,0.057516641,0.339871058,0,19.60794566,19.94781672,,Ghana,1930
0,0,0,0,0,,,,0,0,0,0,0,,Ghana,1940
0,0,0,0,0,,,,0,0,0,0,0,,Ghana,1950
0,0,0,0,0,0,0,0,0,0,0,0,0,0,Ghana,1960
0,0,0,0,0,0,0,0,0,0,0,0,0,0,Ghana,1970
0,0,0,0,0,0,0,0,0,0,0,0,0,0,Ghana,1980
0,0,0,0,0,0,0,0,0,0,0,0,0,0,Ghana,1990
0,0,0,0,0,0,0,0,0,0,0,0,0,0,Ghana,2000
0,0,0,0,0,0,0,0,0,0,0,0,0,0,Ghana,2010
0.4,0,162,0,162,,,,0.007855551,0,3.181497979,0,3.181497979,,Greece,1900
1.4,0,0,0,0,,,,0.025692033,0,0,0,0,,Greece,1910
10.3,0,0,0,0,,,,0.166516505,0,0,0,0,,Greece,1920
15.1,66.9,965.4,1231.8,2264.1,,,,0.232377048,1.029538047,14.85674186,18.956427,34.8427069,,Greece,1930
0.5,6.5,1011,3622,4639.5,,,,0.006576814,0.085021796,13.14609788,47.97538679,61.20650646,,Greece,1940
59.3,286.1,2505.6,14024.2,16815.9,,,,0.749942478,3.6212791,31.27699413,177.8764408,212.774714,,Greece,1950
10,70,7652.7,360,8082.7,0,0,3160,0.117883173,0.826282155,90.15810393,4.201190337,95.18557642,0.037340256,Greece,1960
5,10,60000,0,60010,0,0,25000,0.053253808,0.106507615,639.0456918,0,639.1521994,0.056471391,Greece,1970
4.5,74.9,12593,0,12667.9,0,0,165000,0.045700148,0.760580672,128.1868569,0,128.9474375,0.304951075,Greece,1980
19.7,224.2,13913.1,640.8,14778.1,0,20,507270,0.179987236,2.042045396,126.8109133,5.960579102,134.8135378,0.358409572,Greece,1990
0.2,30.7,451.8,0,482.5,0,0,0,0.001811594,0.277161561,4.086311968,0,4.363473529,0,Greece,2000
0.6,15.6,7772,0,7787.6,0,800,62800,0.005641966,0.147309696,72.63712955,0,72.78443925,0.0266899,Greece,2010
0,0,0,0,0,0,0,0,0,0,0,0,0,0,Grenada,1960
0,0,0,0,0,0,0,0,0,0,0,0,0,0,Grenada,1970
0,0,0,0,0,0,0,0,0,0,0,0,0,0,Grenada,1980
0,0,0,0,0,0,0,0,0,0,0,0,0,0,Grenada,1990
0,0,0,0,0,0,0,0,0,0,0,0,0,0,Grenada,2000
0,0,0,0,0,0,0,0,0,0,0,0,0,0,Grenada,2010
0,0,0,0,0,,,,0,0,0,0,0,,Guadeloupe,1920
0,0,0,0,0,,,,0,0,0,0,0,,Guadeloupe,1930
0,0,0,0,0,,,,0,0,0,0,0,,Guadeloupe,1940
0,0,0,0,0,,,,0,0,0,0,0,,Guadeloupe,1950
0,0,0,0,0,0,0,0,0,0,0,0,0,0,Guadeloupe,1960
0,0,0,0,0,0,0,0,0,0,0,0,0,0,Guadeloupe,1970
0,0,0,0,0,0,0,0,0,0,0,0,0,0,Guadeloupe,1980
0,0,0,0,0,0,0,0,0,0,0,0,0,0,Guadeloupe,1990
0.1,1.3,10,4,15.3,0,0,0,0.024630542,0.320197044,2.463054187,0.985221675,3.768472906,0,Guadeloupe,2000
0,0,0,0,0,0,0,0,0,0,0,0,0,0,Guadeloupe,2010
0,0,0,0,0,0,0,0,0,0,0,0,0,0,Guam,1960
0,0,0,0,0,0,0,0,0,0,0,0,0,0,Guam,1970
0,0,0,0,0,0,0,0,0,0,0,0,0,0,Guam,1980
0,7.1,0,0,7.1,0,5000,12000,0,5.071428571,0,0,5.071428571,0,Guam,1990
0,0,0,0,0,0,0,0,0,0,0,0,0,0,Guam,2000
200,0,0,0,0,,,,14.1150034,0,0,0,0,,Guatemala,1900
265,0,0,0,0,,,,16.01028525,0,0,0,0,,Guatemala,1910
0,0,0,0,0,,,,0,0,0,0,0,,Guatemala,1920
0,0,0,0,0,,,,0,0,0,0,0,,Guatemala,1930
0,0,0,0,0,,,,0,0,0,0,0,,Guatemala,1940
0,0,0,0,0,,,,0,0,0,0,0,,Guatemala,1950
0,0,0,0,0,0,0,0,0,0,0,0,0,0,Guatemala,1960
2300,7704,375200,116600,499504,0,0,100000,34.85376572,116.7406366,5685.493717,1766.934384,7569.168737,2.290793197,Guatemala,1970
0.5,0,450,505,955,0,0,0,0.00565419,0,5.348243633,6.000371639,11.34861527,0,Guatemala,1980
1.6,13,2400.5,3.5,2417,0,0,0,0.016519649,0.130034452,25.27757283,0.030736805,25.43834409,0,Guatemala,1990
0.6,0.2,15,0,15.2,0,0,5,0.005031447,0.001677149,0.125786164,0,0.127463312,0.0000272,Guatemala,2000
4.9,50.6,141068.1,991.1,142109.8,0,0,21200,0.032088818,0.323163193,921.2687467,6.221346266,927.8132561,0.042721248,Guatemala,2010
27.5,143.6,2000,0,2143.6,0,0,0,0.529355149,2.764196343,38.4985563,0,41.26275265,0,Guinea,1980
0,0,0,0,0,0,0,0,0,0,0,0,0,0,Guinea,1990
0,0,0,0,0,0,0,0,0,0,0,0,0,0,Guinea,2000
0,0,0,0,0,0,0,0,0,0,0,0,0,0,Guinea,2010
0,0,0,0,0,,,,0,0,0,0,0,,Guinea-Bissau,1910
0,0,0,0,0,,,,0,0,0,0,0,,Guinea-Bissau,1920
0,0,0,0,0,,,,0,0,0,0,0,,Guinea-Bissau,1930
0,0,0,0,0,,,,0,0,0,0,0,,Guinea-Bissau,1940
0,0,0,0,0,,,,0,0,0,0,0,,Guinea-Bissau,1950
0,0,0,0,0,0,0,0,0,0,0,0,0,0,Guinea-Bissau,1960
0,0,0,0,0,0,0,0,0,0,0,0,0,0,Guinea-Bissau,1970
0,0,0,0,0,0,0,0,0,0,0,0,0,0,Guinea-Bissau,1980
0,0,0,0,0,0,0,0,0,0,0,0,0,0,Guinea-Bissau,1990
0,0,0,0,0,0,0,0,0,0,0,0,0,0,Guinea-Bissau,2000
0,0,0,0,0,0,0,0,0,0,0,0,0,0,Guinea-Bissau,2010
0,0,0,0,0,0,0,0,0,0,0,0,0,0,Guyana,1970
0,0,0,0,0,0,0,0,0,0,0,0,0,0,Guyana,1980
0,0,0,0,0,0,0,0,0,0,0,0,0,0,Guyana,1990
0,0,0,0,0,0,0,0,0,0,0,0,0,0,Guyana,2000
0,0,0,0,0,0,0,0,0,0,0,0,0,0,Guyana,2010
0,0,0,0,0,,,,0,0,0,0,0,,Haiti,1900
0,0,0,0,0,,,,0,0,0,0,0,,Haiti,1910
0,0,0,0,0,,,,0,0,0,0,0,,Haiti,1920
0,0,0,0,0,,,,0,0,0,0,0,,Haiti,1930
0,0,0,0,0,,,,0,0,0,0,0,,Haiti,1940
0.6,0,0,0,0,,,,0.018018018,0,0,0,0,,Haiti,1950
0,0,0,0,0,0,0,0,0,0,0,0,0,0,Haiti,1960
0,0,0,0,0,0,0,0,0,0,0,0,0,0,Haiti,1970
0,0,0,0,0,0,0,0,0,0,0,0,0,0,Haiti,1980
0,0,0,0,0,0,0,0,0,0,0,0,0,0,Haiti,1990
0,0,0,0,0,0,0,0,0,0,0,0,0,0,Haiti,2000
22258.7,30042.1,343891.5,0,373933.6,1150000,20000,800000,223.7262094,301.916338,3452.414952,0,3754.33129,6.86013045,Haiti,2010
9789.8,244.8,15179.7,13585.2,29009.7,,,,2.010131786,0.051623313,3.102159719,2.839768631,5.993551663,,High income,1900
3063.7,10.5,0,637.8,648.3,,,,0.58326843,0.001985989,0,0.12242005,0.124406038,,High income,1910
14924.2,10702.8,12946.3,5719.8,29368.9,,,,2.717008958,1.947206694,2.335604354,1.001668409,5.284479457,,High income,1920
4175.6,7910.3,3065.4,27891.6,38867.3,,,,0.666165818,1.257897838,0.515010034,4.555739302,6.328647174,,High income,1930
1365.9,1468.8,1011,48334.2,50814,,,,0.207860539,0.220592722,0.150741492,7.280196893,7.651531106,,High income,1940
83.5,443.7,2505.6,15526.1,18475.4,,,,0.011534322,0.061660884,0.339054613,2.158189216,2.558904713,,High income,1950
729.1,796.9,223420.1,5802,230019,0,500,294726.9,0.091789719,0.097564712,28.19782268,0.708684227,29.00407162,0.024342,High income,1960
291.6,1644.9,327065.6,31725.5,360436,0,3700,785875,0.03127504,0.177030097,36.23545463,3.393881218,39.80636594,0.016566768,High income,1970
535,1647.8,159862.1,51031.5,212541.4,0,51600,3078347,0.055514772,0.167598007,16.22606953,5.122210933,21.51587847,0.030646565,High income,1980
817.5,5806.5,47778.8,45028.9,98614.2,0,1456070,15652260.4,0.076126981,0.54299598,4.454111454,4.197086941,9.194194375,0.062078651,High income,1990
45,1073.9,23791.8,10644.2,35509.9,0,289000,5105735.2,0.003883635,0.094347747,2.097759354,0.918510345,3.110617447,0.013986234,High income,2000
2130.1,2446.6,465209.3,85344.1,553000,0,7540980,31885360,0.179261314,0.205257237,38.97094078,7.225112528,46.40131054,0.06576452,High income,2010
0,0,0,0,0,,,,0,0,0,0,0,,Honduras,1930
0,0,0,0,0,,,,0,0,0,0,0,,Honduras,1940
0,0,0,0,0,,,,0,0,0,0,0,,Honduras,1950
0,0,0,0,0,0,0,0,0,0,0,0,0,0,Honduras,1960
0,0,0,0,0,0,0,0,0,0,0,0,0,0,Honduras,1970
0,0,50,0,50,0,0,0,0,0,1.27844541,0,1.27844541,0,Honduras,1980
0,0,0,0,0,0,0,0,0,0,0,0,0,0,Honduras,1990
0.7,15.4,5000,186.5,5201.9,0,0,10000,0.008587903,0.18990102,61.34216661,2.388269945,63.92033757,0.06855186,Honduras,2000
0,0,0,0,0,0,0,0,0,0,0,0,0,0,Honduras,2010
0,0,0,0,0,,,,0,0,0,0,0,,Hong Kong,1900
0,0,0,0,0,,,,0,0,0,0,0,,Hong Kong,1910
0,0,0,0,0,,,,0,0,0,0,0,,Hong Kong,1920
0,0,0,0,0,,,,0,0,0,0,0,,Hong Kong,1930
0,0,0,0,0,,,,0,0,0,0,0,,Hong Kong,1940
0,0,0,0,0,,,,0,0,0,0,0,,Hong Kong,1950
0,0,0,0,0,0,0,0,0,0,0,0,0,0,Hong Kong,1960
0,0,0,0,0,0,0,0,0,0,0,0,0,0,Hong Kong,1970
0,0,0,0,0,0,0,0,0,0,0,0,0,0,Hong Kong,1980
0,0,0,0,0,0,0,0,0,0,0,0,0,0,Hong Kong,1990
0,0,0,0,0,0,0,0,0,0,0,0,0,0,Hong Kong,2000
0,0,0,0,0,0,0,0,0,0,0,0,0,0,Hong Kong,2010
0,0,0,0,0,0,0,0,0,0,0,0,0,0,Hungary,1970
0,0,0,0,0,0,0,0,0,0,0,0,0,0,Hungary,1980
0,0,0,0,0,0,0,0,0,0,0,0,0,0,Hungary,1990
0,0,0,0,0,0,0,0,0,0,0,0,0,0,Hungary,2000
0,0,180,0,180,0,0,0,0,0,1.830384381,0,1.830384381,0,Hungary,2010
0.1,0.6,0,0,0.6,0,0,0,0.045454545,0.272727273,0,0,0.272727273,0,Iceland,1970
0,0,0,0,0,0,0,0,0,0,0,0,0,0,Iceland,1980
0,0,0,0,0,0,0,0,0,0,0,0,0,0,Iceland,1990
0,0.1,12.9,6.9,19.9,0,0,2400,0,0.035714286,4.607142857,2.464285714,7.107142857,0.026590852,Iceland,2000
0,0,0,0,0,0,0,0,0,0,0,0,0,0,Iceland,2010
2000,0,0,0,0,,,,0.805277051,0,0,0,0,,India,1900
0,0,0,0,0,,,,0,0,0,0,0,,India,1910
0,0,0,0,0,,,,0,0,0,0,0,,India,1920
0,0,0,0,0,,,,0,0,0,0,0,,India,1930
0,0,0,0,0,,,,0,0,0,0,0,,India,1940
161.3,21.9,0,0,21.9,,,,0.042566121,0.005246225,0,0,0.005246225,,India,1950
19.2,227.2,5000,0,5227.2,0,0,40,0.003695553,0.043658641,0.960797554,0,1.004456194,0.0000798,India,1960
7.3,20,0,0,20,0,0,0,0.001222598,0.00360237,0,0,0.00360237,0,India,1970
42.1,393.6,2000080,1000,2001473.6,0,0,7650,0.005082984,0.047219255,238.8252447,0.130406486,239.0028704,0.002611558,India,1980
1139.1,3330.2,55050,13550,71930.2,0,0,37900,0.123333417,0.358052368,5.432537333,1.316051129,7.10664083,0.01317986,India,1990
3770.5,18034.7,501259.9,194020,713314.6,0,10500,464580,0.342601416,1.670639379,46.33752579,17.96005536,65.96822053,0.080645707,India,2000
22.1,114.8,56978,7500,64592.8,0,0,19500,0.00172762,0.008822163,4.54117335,0.599861792,5.149857305,0.000973127,India,2010
1515.8,2,0,0,2,,,,3.310526746,0.004482649,0,0,0.004482649,,Indonesia,1910
96.5,5,0,1125,1130,,,,0.192893919,0.009718304,0,2.267100284,2.276818588,,Indonesia,1920
3.2,13.5,92,888,993.5,,,,0.005555163,0.024362833,0.153346511,1.535259791,1.712969135,,Indonesia,1930
21.3,209.6,1400,0,1609.6,,,,0.033084647,0.325565348,2.174577708,0,2.500143056,,Indonesia,1940
2.4,190.6,103,47.5,341.1,,,,0.003261303,0.230041725,0.123673215,0.057033764,0.410748703,,Indonesia,1950
47.4,31.8,1500,2472.5,4004.3,0,0,0,0.04432324,0.029554837,1.496005665,2.303448269,3.829008771,0,Indonesia,1960
195.2,575.6,55028.5,1800,57404.1,0,0,24135,0.142059854,0.424880099,40.78789537,1.2499132,42.46268867,0.063212222,Indonesia,1970
57.8,102.5,9402.2,850,10354.7,0,0,1695,0.035974931,0.0632187,5.797883985,0.496343155,6.35744584,0.002033436,Indonesia,1980
332.1,743.8,36881.9,16805.5,54431.2,0,5000,50317.6,0.175082393,0.384322772,18.95023348,8.760303187,28.09485944,0.040835222,Indonesia,1990
17492.1,15145.7,629485.6,132773.3,777404.6,0,37104.1,1082903,7.821999442,6.61209425,270.3799285,58.72085987,335.7128826,0.327265731,Indonesia,2000
551.2,623.9,300425.9,8293,309342.8,160000,0,258985,0.208371315,0.2418521,112.424414,3.121300405,115.7875665,0.025148553,Indonesia,2010
535,0,0,0,0,,,,5.088776069,0,0,0,0,,Iran,1900
70,0,0,0,0,,,,0.656456456,0,0,0,0,,Iran,1910
640,112.1,0,0,112.1,,,,5.041916693,0.852427338,0,0,0.852427338,,Iran,1920
319.2,0,0,0,0,,,,2.34294166,0,0,0,0,,Iran,1930
137,600,0,0,600,,,,0.866542146,3.602712554,0,0,3.602712554,,Iran,1940
708.6,598.4,1000,0,1598.4,,,,3.546947981,2.937216441,4.928779141,0,7.865995583,,Iran,1950
2334.8,745,22800,0,23545,0,0,8600,9.445338306,2.943544185,90.22587071,0,93.1694149,0.153294118,Iran,1960
3197.3,294.2,51225.2,0,51519.4,0,0,5900,9.184237526,0.899794191,148.0736089,0,148.9734031,0.014282163,Iran,1970
338.8,438.3,6040.5,57.5,6536.3,0,0,102100,0.83575304,1.080501184,13.6550151,0.122417951,14.85793424,0.101276372,Iran,1980
4287.5,11285.9,70693.5,17938,99917.4,0,11500,843970,7.552480285,19.87663967,122.0187597,30.4735253,172.3689246,0.677848615,Iran,1990
2775.7,2803.7,66078.7,6626,75508.4,0,5900,110892.8,4.072382938,4.100308388,95.87350878,9.72932023,109.7031374,0.071100064,Iran,2000
82.7,1555.8,30684.5,2384.5,34624.8,0,0,199700,0.105551554,1.957587955,38.51661515,3.056344069,43.53054718,0.043250023,Iran,2010
0,0,0,0,0,,,,0,0,0,0,0,,Iraq,1950
0,0,0,0,0,0,0,0,0,0,0,0,0,0,Iraq,1960
0,0,0,0,0,0,0,0,0,0,0,0,0,0,Iraq,1970
0,0,0,0,0,0,0,0,0,0,0,0,0,0,Iraq,1980
2,0,0,50,50,0,0,0,0.011180055,0,0,0.27950137,0.27950137,0,Iraq,1990
0,0,0,0,0,0,0,0,0,0,0,0,0,0,Iraq,2000
1,46.9,550,0,596.9,0,0,0,0.002662903,0.124890155,1.464596703,0,1.589486859,0,Iraq,2010
0,0,0,0,0,0,0,0,0,0,0,0,0,0,Ireland,1980
0,0,0,0,0,0,0,0,0,0,0,0,0,0,Ireland,1990
0,0,0,0,0,0,0,0,0,0,0,0,0,0,Ireland,2000
0,0,0,0,0,0,0,0,0,0,0,0,0,0,Ireland,2010
2,0,0,0,0,,,,0.535180061,0,0,0,0,,Israel,1900
0,0,0,0,0,,,,0,0,0,0,0,,Israel,1910
0,0,0,0,0,,,,0,0,0,0,0,,Israel,1920
0,0,0,0,0,,,,0,0,0,0,0,,Israel,1930
0,0,0,0,0,,,,0,0,0,0,0,,Israel,1940
0,0,0,0,0,,,,0,0,0,0,0,,Israel,1950
0,0,0,0,0,0,0,0,0,0,0,0,0,0,Israel,1960
0,0,0,0,0,0,0,0,0,0,0,0,0,0,Israel,1970
0,0,0,0,0,0,0,0,0,0,0,0,0,0,Israel,1980
0,0,0,0,0,0,0,0,0,0,0,0,0,0,Israel,1990
0,0,0,0,0,0,0,0,0,0,0,0,0,0,Israel,2000
0,0,0,0,0,0,0,0,0,0,0,0,0,0,Israel,2010
7555.7,200,15000,2010,17210,,,,21.0534672,0.571355046,41.78868964,5.742118214,48.1021629,,Italy,1900
3010,0,0,66.9,66.9,,,,7.950689288,0,0,0.178105077,0.178105077,,Italy,1910
140,0,0,0,0,,,,0.374109286,0,0,0,0,,Italy,1920
191.1,0,1000,0,1000,,,,0.468658335,0,2.45272014,0,2.45272014,,Italy,1930
0,0,0,0,0,,,,0,0,0,0,0,,Italy,1940
0,0,0,0,0,,,,0,0,0,0,0,,Italy,1950
24,56.3,5500,3000,8556.3,0,0,25000,0.04560022,0.106638886,10.41765319,5.947424765,16.47171684,0.028427753,Italy,1960
98,185,11694.2,14200,26079.2,0,0,394160,0.176572199,0.333656234,21.07951845,25.55782315,46.97099783,0.184190876,Italy,1970
470.5,802.1,43130,530,44462.1,0,0,2003550,0.834962593,1.422951142,76.50110083,0.932368397,78.85642037,0.419892185,Italy,1980
3.5,32.1,90,4050,4172.1,0,410,502490,0.006141395,0.056317475,0.158609873,7.116141137,7.331068485,0.040668799,Italy,1990
32.7,104.4,23,6450,6577.4,0,26000,435735.2,0.055506399,0.176879835,0.039954834,10.96664879,11.18348346,0.025174152,Italy,2000
35.2,89.7,4332.9,1400,5822.6,0,268100,2121800,0.058076358,0.148727827,7.166238467,2.338048398,9.653014692,0.104583551,Italy,2010
120,0,9000,0,9000,,,,15.38025764,0,1153.519323,0,1153.519323,,Jamaica,1900
0,0,0,0,0,,,,0,0,0,0,0,,Jamaica,1910
0,0,0,0,0,,,,0,0,0,0,0,,Jamaica,1920
0,0,0,0,0,,,,0,0,0,0,0,,Jamaica,1930
0,0,0,0,0,,,,0,0,0,0,0,,Jamaica,1940
0,0,0,0,0,,,,0,0,0,0,0,,Jamaica,1950
0,0,0,0,0,0,0,0,0,0,0,0,0,0,Jamaica,1960
0,0,0,0,0,0,0,0,0,0,0,0,0,0,Jamaica,1970
0,0,0,0,0,0,0,0,0,0,0,0,0,0,Jamaica,1980
0,0,0,0,0,0,0,0,0,0,0,0,0,0,Jamaica,1990
0,0,0,0,0,0,0,0,0,0,0,0,0,0,Jamaica,2000
0,0,0,0,0,0,0,0,0,0,0,0,0,0,Jamaica,2010
11.1,0,17.7,295.2,312.9,,,,0.0234889,0,0.037781882,0.603060643,0.640842524,,Japan,1900
10.6,0,0,318.6,318.6,,,,0.020294598,0,0,0.617462608,0.617462608,,Japan,1910
14644.4,10702.8,12946.3,5678.1,29327.2,,,,25.19711847,18.40591002,22.01525439,9.277985776,49.69915018,,Japan,1920
328.6,187.7,0,2573.4,2761.1,,,,0.489924841,0.290855108,0,3.974949343,4.265804451,,Japan,1930
1206,1403.1,0,43831.8,45234.9,,,,1.541080488,1.766214986,0,55.36399954,57.13021452,,Japan,1940
3.3,21.7,0,33.9,55.6,,,,0.003852485,0.025333006,0,0.039575526,0.064908533,,Japan,1950
22,65.7,3750,0,3815.7,0,500,107100,0.022958998,0.06612759,3.839004528,0,3.905132118,0.138393807,Japan,1960
8.3,72.9,363.2,25.5,461.6,0,200,87000,0.007275879,0.063321073,0.313430389,0.022005713,0.398757175,0.008649573,Japan,1970
23.7,34,2359.9,0,2393.9,0,0,46100,0.019732343,0.028324836,1.919835825,0,1.94816066,0.003689899,Japan,1980
554.5,3730.3,27265.7,25292.1,56288.1,0,302770,10152840,0.438909414,2.952770229,21.58327834,20.01578599,44.55183456,0.186911976,Japan,1990
8.1,809,13854.9,4119.9,18783.8,0,219600,4403400,0.006312322,0.630760041,10.80683218,3.206540292,14.64413251,0.093442825,Japan,2000
1995.2,975.4,79333.2,2414.1,82722.7,0,4250000,23460200,1.552759411,0.761099207,61.9370935,1.889476988,64.58766969,0.390968504,Japan,2010
26.8,0,0,0,0,,,,6.773355439,0,0,0,0,,Jordan,1920
0,0,0,0,0,,,,0,0,0,0,0,,Jordan,1930
0,0,0,0,0,,,,0,0,0,0,0,,Jordan,1940
0,0,0,0,0,,,,0,0,0,0,0,,Jordan,1950
0,0,0,0,0,0,0,0,0,0,0,0,0,0,Jordan,1960
0,0,0,0,0,0,0,0,0,0,0,0,0,0,Jordan,1970
0,0,0,0,0,0,0,0,0,0,0,0,0,0,Jordan,1980
0,0,0,0,0,0,0,0,0,0,0,0,0,0,Jordan,1990
0,0,0,0,0,0,0,0,0,0,0,0,0,0,Jordan,2000
0,0,0,0,0,0,0,0,0,0,0,0,0,0,Jordan,2010
45,0,0,0,0,,,,0.961979574,0,0,0,0,,Kazakhstan,1910
0,0,0,0,0,,,,0,0,0,0,0,,Kazakhstan,1920
0,0,0,0,0,,,,0,0,0,0,0,,Kazakhstan,1930
0,0,0,0,0,,,,0,0,0,0,0,,Kazakhstan,1940
0,0,0,0,0,,,,0,0,0,0,0,,Kazakhstan,1950
0,0,0,0,0,0,0,0,0,0,0,0,0,0,Kazakhstan,1960
0,0,0,0,0,0,0,0,0,0,0,0,0,0,Kazakhstan,1970
0,0,0,0,0,0,0,0,0,0,0,0,0,0,Kazakhstan,1980
0,0,0,0,0,0,0,0,0,0,0,0,0,0,Kazakhstan,1990
0.3,62.6,3600,0,3662.6,0,0,0,0.001986755,0.414569536,23.8410596,0,24.25562914,0,Kazakhstan,2000
0,0,0,0,0,0,0,0,0,0,0,0,0,0,Kazakhstan,2010
0,0,0,0,0,0,0,0,0,0,0,0,0,0,Kenya,1960
0,0,0,0,0,0,0,0,0,0,0,0,0,0,Kenya,1970
0,0,0,0,0,0,0,0,0,0,0,0,0,0,Kenya,1980
0,0,0,0,0,0,0,0,0,0,0,0,0,0,Kenya,1990
0.1,0,0,0,0,0,0,10000,0.000280623,0,0,0,0,0.062129795,Kenya,2000
0,0,0,0,0,0,0,0,0,0,0,0,0,0,Kenya,2010
0,0,0,0,0,0,0,0,0,0,0,0,0,0,Kiribati,1970
0,0,0,0,0,0,0,0,0,0,0,0,0,0,Kiribati,1980
0,0,0,0,0,0,0,0,0,0,0,0,0,0,Kiribati,1990
0,0,0,0,0,0,0,0,0,0,0,0,0,0,Kiribati,2000
0,0,0,0,0,0,0,0,0,0,0,0,0,0,Kiribati,2010
0,0,0,0,0,0,0,0,0,0,0,0,0,0,Kuwait,1990
0,0,0,0,0,0,0,0,0,0,0,0,0,0,Kuwait,2000
0,0,0,0,0,0,0,0,0,0,0,0,0,0,Kuwait,2010
5.8,10,10536.8,3256.8,13803.6,0,0,16300,0.130220027,0.224517288,236.4251046,73.11718352,309.7668054,0.706308366,Kyrgyzstan,1990
7.4,14.2,1500,110.5,1624.7,0,0,0,0.140818268,0.270218839,29.12805246,2.105191814,31.50346312,0,Kyrgyzstan,2000
0,0,1649,529,2178,0,0,1200,0,0,27.35930311,8.877328411,36.23663152,0.017968972,Kyrgyzstan,2010
0,0,0,0,0,0,0,0,0,0,0,0,0,0,Laos,1960
0,0,0,0,0,0,0,0,0,0,0,0,0,0,Laos,1970
0,0,0,0,0,0,0,0,0,0,0,0,0,0,Laos,1980
0,0,0,0,0,0,0,0,0,0,0,0,0,0,Laos,1990
0,0,0,0,0,0,0,0,0,0,0,0,0,0,Laos,2000
0,0,0,0,0,0,0,0,0,0,0,0,0,0,Laos,2010
0,0,0,0,0,0,0,0,0,0,0,0,0,0,Latvia,1990
0,0,0,0,0,0,0,0,0,0,0,0,0,0,Latvia,2000
0,0,0,0,0,0,0,0,0,0,0,0,0,0,Latvia,2010
13.6,20,0,0,20,,,,0.858585859,1.262626263,0,0,1.262626263,,Lebanon,1950
0,0,0,0,0,0,0,0,0,0,0,0,0,0,Lebanon,1960
0,0,0,0,0,0,0,0,0,0,0,0,0,0,Lebanon,1970
0,0,0,0,0,0,0,0,0,0,0,0,0,0,Lebanon,1980
0,0,0,0,0,0,0,0,0,0,0,0,0,0,Lebanon,1990
0,0,0,0,0,0,0,0,0,0,0,0,0,0,Lebanon,2000
0,0,0,0,0,0,0,0,0,0,0,0,0,0,Lebanon,2010
0,0,0,0,0,0,0,0,0,0,0,0,0,0,Lesotho,1960
0,0,0,0,0,0,0,0,0,0,0,0,0,0,Lesotho,1970
0,0,0,0,0,0,0,0,0,0,0,0,0,0,Lesotho,1980
0,0,0,0,0,0,0,0,0,0,0,0,0,0,Lesotho,1990
0,0,0,0,0,0,0,0,0,0,0,0,0,0,Lesotho,2000
0,0,0,0,0,0,0,0,0,0,0,0,0,0,Lesotho,2010
0,0,0,0,0,0,0,0,0,0,0,0,0,0,Liberia,1980
0,0,0,0,0,0,0,0,0,0,0,0,0,0,Liberia,1990
0,0,0,0,0,0,0,0,0,0,0,0,0,0,Liberia,2000
0,0,0,0,0,0,0,0,0,0,0,0,0,0,Liberia,2010
30,37.5,0,500,537.5,0,0,500,1.866832607,2.333540759,0,31.11387679,33.44741755,0,Libya,1960
0,0,0,0,0,0,0,0,0,0,0,0,0,0,Libya,1970
0,0,0,0,0,0,0,0,0,0,0,0,0,0,Libya,1980
0,0,0,0,0,0,0,0,0,0,0,0,0,0,Libya,1990
0,0,0,0,0,0,0,0,0,0,0,0,0,0,Libya,2000
0,0,0,0,0,0,0,0,0,0,0,0,0,0,Libya,2010
0,0,0,0,0,0,0,0,0,0,0,0,0,0,Lithuania,1990
0,0,0,0,0,0,0,0,0,0,0,0,0,0,Lithuania,2000
0,0,0,0,0,0,0,0,0,0,0,0,0,0,Lithuania,2010
0,0,0,0,0,,,,0,0,0,0,0,,Low income,1900
9,0,0,0,0,,,,0.01128013,0,0,0,0,,Low income,1910
0,0,0,0,0,,,,0,0,0,0,0,,Low income,1920
17.5,0,0,0,0,,,,0.018340235,0,0,0,0,,Low income,1930
0,0,0,0,0,,,,0,0,0,0,0,,Low income,1940
210.6,200,0,0,200,,,,0.165807861,0.151716291,0,0,0.151716291,,Low income,1950
18.2,127.5,800,42,969.5,0,0,202,0.011144131,0.076515836,0.484713353,0.023575639,0.584804827,0.001342806,Low income,1960
6.1,1.5,9000,0,9001.5,0,0,0,0.002923598,0.000780206,4.232605168,0,4.233385374,0,Low income,1970
79.7,505.4,8444,5658,14607.4,0,0,3700,0.031974452,0.202322531,3.366247561,1.955210244,5.523780335,0.004428867,Low income,1980
745.5,369.8,32968.5,11727.5,45065.8,0,0,9001,0.197443975,0.098416713,9.176921757,3.292289242,12.56762771,0.011382014,Low income,1990
166,284.5,24401.8,3980.5,28666.8,0,0,12905,0.038314437,0.062999327,5.487214415,0.827808979,6.378022721,0.007609092,Low income,2000
22281.5,35877,345991.9,3809.9,385678.8,1150000,20000,800650,4.193642856,6.620954008,64.96549217,0.63643057,72.22287674,0.229970819,Low income,2010
2033.1,0,0,0,0,,,,0.454003947,0,0,0,0,,Lower middle income,1900
11.2,0,0,0,0,,,,0.002310554,0,0,0,0,,Lower middle income,1910
2.9,0,0,0,0,,,,0.000562558,0,0,0,0,,Lower middle income,1920
6305.9,2533,0,750,3283,,,,1.101514426,0.441114051,0,0.123635974,0.564750025,,Lower middle income,1930
436.3,0,0,0,0,,,,0.066260599,0,0,0,0,,Lower middle income,1940
912.1,734.8,0,12925,13659.8,,,,0.12169903,0.094274997,0,1.669404861,1.763679858,,Lower middle income,1950
1278.6,2915.2,20008.2,6198.5,29121.9,0,0,16540,0.144446755,0.32565682,2.006707118,0.631446421,2.96381036,0.019008979,Lower middle income,1960
2116.9,4186.4,67500,30520,102206.4,0,10000,98455.5,0.176768402,0.352068983,5.645168331,2.642437142,8.639674456,0.053420281,Lower middle income,1970
536.1,4217.5,2154524.3,74120,2232861.8,0,22500,710485.2,0.035868017,0.275775749,128.631716,5.067858918,133.9753507,0.115137569,Lower middle income,1980
1768.5,5065.8,289729.2,28804.8,323599.8,0,5540,221992.3,0.093984653,0.27032847,15.71795951,1.441677161,17.42996514,0.024116694,Lower middle income,1990
15101.5,35282,845052.7,766017.4,1646352.1,520000,39500,1962310.4,0.65268445,1.556902228,38.11039719,33.18700536,72.85430477,0.110434283,Lower middle income,2000
1079.6,3070.4,1217999.4,21934.2,1243004,530,12000,617996.9,0.039343486,0.111374616,44.61583385,0.815132187,45.54234066,0.010713888,Lower middle income,2010
0,0,0,0,0,0,0,0,0,0,0,0,0,0,Luxembourg,1980
0,0,0,0,0,0,0,0,0,0,0,0,0,0,Luxembourg,1990
0,0,0,0,0,0,0,0,0,0,0,0,0,0,Luxembourg,2000
0,0,0,0,0,0,0,0,0,0,0,0,0,0,Luxembourg,2010
0,0,0,0,0,0,0,0,0,0,0,0,0,0,Macao,1990
0,0,0,0,0,0,0,0,0,0,0,0,0,0,Macao,2000
0,0,0,0,0,0,0,0,0,0,0,0,0,0,Macao,2010
0,0,0,0,0,0,0,0,0,0,0,0,0,0,Madagascar,1960
0,0,0,0,0,0,0,0,0,0,0,0,0,0,Madagascar,1970
0,0,0,0,0,0,0,0,0,0,0,0,0,0,Madagascar,1980
0,0,0,0,0,0,0,0,0,0,0,0,0,0,Madagascar,1990
0,0,0,0,0,0,0,0,0,0,0,0,0,0,Madagascar,2000
0,0,0,0,0,0,0,0,0,0,0,0,0,0,Madagascar,2010
0,0,0,0,0,0,0,0,0,0,0,0,0,0,Malawi,1960
0,0,0,0,0,0,0,0,0,0,0,0,0,0,Malawi,1970
0.9,10,0,5000,5010,0,0,2800,0.009916263,0.110180696,0,55.09034817,55.20052887,0.176076755,Malawi,1980
0,0,0,0,0,0,0,0,0,0,0,0,0,0,Malawi,1990
0.4,18.6,0,2055,2073.6,0,0,0,0.002831257,0.131653454,0,14.54558324,14.67723669,0,Malawi,2000
0,0,0,0,0,0,0,0,0,0,0,0,0,0,Malawi,2010
0,0,0,0,0,0,0,0,0,0,0,0,0,0,Malaysia,1960
0,0,0,0,0,0,0,0,0,0,0,0,0,0,Malaysia,1970
0,0,0,0,0,0,0,0,0,0,0,0,0,0,Malaysia,1980
0,0,0,0,0,0,0,0,0,0,0,0,0,0,Malaysia,1990
8,76.7,0,429.6,506.3,0,0,50000,0.031757374,0.30447382,0,1.705370966,2.009844786,0.040080482,Malaysia,2000
2.4,1,0,0,1,0,0,0.2,0.00792838,0.003303492,0,0,0.003303492,6.64E-08,Malaysia,2010
0,0,0,0,0,0,0,0,0,0,0,0,0,0,Maldives,1980
0,0,0,0,0,0,0,0,0,0,0,0,0,0,Maldives,1990
10.2,221.4,1200,1300,2721.4,0,0,47010,3.279742765,71.18971061,385.85209,418.0064309,875.0482315,3.831828105,Maldives,2000
0,0,0,0,0,0,0,0,0,0,0,0,0,0,Maldives,2010
0,0,0,0,0,,,,0,0,0,0,0,,Mali,1910
0,0,0,0,0,,,,0,0,0,0,0,,Mali,1920
0,0,0,0,0,,,,0,0,0,0,0,,Mali,1930
0,0,0,0,0,,,,0,0,0,0,0,,Mali,1940
0,0,0,0,0,,,,0,0,0,0,0,,Mali,1950
0,0,0,0,0,0,0,0,0,0,0,0,0,0,Mali,1960
0,0,0,0,0,0,0,0,0,0,0,0,0,0,Mali,1970
0,0,0,0,0,0,0,0,0,0,0,0,0,0,Mali,1980
0,0,0,0,0,0,0,0,0,0,0,0,0,0,Mali,1990
0,0,0,0,0,0,0,0,0,0,0,0,0,0,Mali,2000
0,0,0,0,0,0,0,0,0,0,0,0,0,0,Mali,2010
0,0,0,0,0,0,0,0,0,0,0,0,0,0,Marshall Islands,1990
0,0,0,0,0,0,0,0,0,0,0,0,0,0,Marshall Islands,2000
0,0,0,0,0,0,0,0,0,0,0,0,0,0,Marshall Islands,2010
0,0,0,0,0,,,,0,0,0,0,0,,Martinique,1900
0,0,0,0,0,,,,0,0,0,0,0,,Martinique,1910
0,0,0,0,0,,,,0,0,0,0,0,,Martinique,1920
0,0,0,0,0,,,,0,0,0,0,0,,Martinique,1930
0,0,0,0,0,,,,0,0,0,0,0,,Martinique,1940
0,0,0,0,0,,,,0,0,0,0,0,,Martinique,1950
0,0,0,0,0,0,0,0,0,0,0,0,0,0,Martinique,1960
0,0,0,0,0,0,0,0,0,0,0,0,0,0,Martinique,1970
0,0,0,0,0,0,0,0,0,0,0,0,0,0,Martinique,1980
0,0,0,0,0,0,0,0,0,0,0,0,0,0,Martinique,1990
0.1,10,0,0,10,0,0,0,0.025125628,2.512562814,0,0,2.512562814,0,Martinique,2000
0,0,0,0,0,0,0,0,0,0,0,0,0,0,Martinique,2010
0,0,0,0,0,,,,0,0,0,0,0,,Mauritania,1910
0,0,0,0,0,,,,0,0,0,0,0,,Mauritania,1920
0,0,0,0,0,,,,0,0,0,0,0,,Mauritania,1930
0,0,0,0,0,,,,0,0,0,0,0,,Mauritania,1940
0,0,0,0,0,,,,0,0,0,0,0,,Mauritania,1950
0,0,0,0,0,0,0,0,0,0,0,0,0,0,Mauritania,1960
0,0,0,0,0,0,0,0,0,0,0,0,0,0,Mauritania,1970
0,0,0,0,0,0,0,0,0,0,0,0,0,0,Mauritania,1980
0,0,0,0,0,0,0,0,0,0,0,0,0,0,Mauritania,1990
0,0,0,0,0,0,0,0,0,0,0,0,0,0,Mauritania,2000
0,0,0,0,0,0,0,0,0,0,0,0,0,0,Mauritania,2010
0,0,0,0,0,0,0,0,0,0,0,0,0,0,Mauritius,1960
0,0,0,0,0,0,0,0,0,0,0,0,0,0,Mauritius,1970
0,0,0,0,0,0,0,0,0,0,0,0,0,0,Mauritius,1980
0,0,0,0,0,0,0,0,0,0,0,0,0,0,Mauritius,1990
0,0,0,0,0,0,0,0,0,0,0,0,0,0,Mauritius,2000
0,0,0,0,0,0,0,0,0,0,0,0,0,0,Mauritius,2010
4.5,2.2,0,0,2.2,,,,0.029707928,0.014523876,0,0,0.014523876,,Mexico,1910
64.8,16.7,0,0,16.7,,,,0.429914827,0.110795951,0,0,0.110795951,,Mexico,1920
43.4,12,0,200,212,,,,0.239583002,0.066669245,0,1.111154076,1.17782332,,Mexico,1930
0,0,0,0,0,,,,0,0,0,0,0,,Mexico,1940
18.5,30,0,0,30,,,,0.053337286,0.083694976,0,0,0.083694976,,Mexico,1950
7.8,50,400,0,450,0,0,540,0.017334824,0.103237529,0.935213112,0,1.038450641,0.002311463,Mexico,1960
57,52.5,1125,0,1177.5,0,0,3000,0.100866192,0.090040405,1.715673076,0,1.80571348,0.002229472,Mexico,1970
959.4,3120.9,200900,10000,214020.9,0,0,410900,1.263890163,4.111604565,264.4810251,13.16083861,281.7534683,0.210468099,Mexico,1980
11.1,54,20923.5,1227.5,22205,0,0,41270,0.011806468,0.056207561,21.87289506,1.339144475,23.2682471,0.007110124,Mexico,1990
2.9,107.4,17753,0,17860.4,0,2500,11630,0.002813322,0.10419401,17.22237852,0,17.32657253,0.001594601,Mexico,2000
47.6,649.9,155053.1,400,156103,0,296000,977000,0.038194737,0.522655705,124.7613961,0.34108157,125.6251334,0.085154888,Mexico,2010
0,0,0,0,0,0,0,0,0,0,0,0,0,0,Micronesia,1980
0,0,0,0,0,0,0,0,0,0,0,0,0,0,Micronesia,1990
0,0,0,0,0,0,0,0,0,0,0,0,0,0,Micronesia,2000
0,0,0,0,0,0,0,0,0,0,0,0,0,0,Micronesia,2010
0,0,0,0,0,0,0,0,0,0,0,0,0,0,Moldova,1990
0,0,0,0,0,0,0,0,0,0,0,0,0,0,Moldova,2000
0,0,0,0,0,0,0,0,0,0,0,0,0,0,Moldova,2010
120,0,0,0,0,,,,13.48314607,0,0,0,0,,Mongolia,1950
0,0,0,0,0,0,0,0,0,0,0,0,0,0,Mongolia,1960
0,0,0,0,0,0,0,0,0,0,0,0,0,0,Mongolia,1970
0,0,0,0,0,0,0,0,0,0,0,0,0,0,Mongolia,1980
0,0,0,0,0,0,0,0,0,0,0,0,0,0,Mongolia,1990
0,0,0,0,0,0,0,0,0,0,0,0,0,0,Mongolia,2000
0,0,0,0,0,0,0,0,0,0,0,0,0,0,Mongolia,2010
0,0,0,0,0,0,0,0,0,0,0,0,0,0,Montenegro,2000
0,0,0,0,0,0,0,0,0,0,0,0,0,0,Montenegro,2010
0,0,0,0,0,,,,0,0,0,0,0,,Montserrat,1920
0,0,0,0,0,,,,0,0,0,0,0,,Montserrat,1930
0,0,0,0,0,,,,0,0,0,0,0,,Montserrat,1940
0,0,0,0,0,,,,0,0,0,0,0,,Montserrat,1950
0,0,0,0,0,0,0,0,0,0,0,0,0,0,Montserrat,1960
0,0,0,0,0,0,0,0,0,0,0,0,0,0,Montserrat,1970
0,0,0,0,0,0,0,0,0,0,0,0,0,0,Montserrat,1980
0,0,0,0,0,0,0,0,0,0,0,0,0,0,Montserrat,1990
0,0,0,0,0,0,0,0,0,0,0,0,0,0,Montserrat,2000
10,0,0,0,0,,,,0.201109926,0,0,0,0,,Morocco,1900
0,0,0,0,0,,,,0,0,0,0,0,,Morocco,1910
0,0,0,0,0,,,,0,0,0,0,0,,Morocco,1920
0,0,0,0,0,,,,0,0,0,0,0,,Morocco,1930
0,0,0,0,0,,,,0,0,0,0,0,,Morocco,1940
0,0,0,0,0,,,,0,0,0,0,0,,Morocco,1950
1201.1,2500,0,0,2500,0,0,12000,9.740175097,20.27739476,0,0,20.27739476,0.589058036,Morocco,1960
0,0,0,0,0,0,0,0,0,0,0,0,0,0,Morocco,1970
0,0,0,0,0,0,0,0,0,0,0,0,0,0,Morocco,1980
0,0,0,0,0,0,0,0,0,0,0,0,0,0,Morocco,1990
62.8,92.6,0,1253.9,1346.5,0,0,40000,0.208533953,0.307487963,0,4.163705794,4.471193757,0.067084806,Morocco,2000
0,0,0,0,0,0,0,0,0,0,0,0,0,0,Morocco,2010
0,0,0,0,0,,,,0,0,0,0,0,,Mozambique,1950
0,0,0,0,0,0,0,0,0,0,0,0,0,0,Mozambique,1960
0,0,0,0,0,0,0,0,0,0,0,0,0,0,Mozambique,1970
0,0,0,0,0,0,0,0,0,0,0,0,0,0,Mozambique,1980
0,0,0,0,0,0,0,0,0,0,0,0,0,0,Mozambique,1990
0.4,3.6,0,144,147.6,0,0,0,0.001897533,0.017077799,0,0.683111954,0.700189753,0,Mozambique,2000
0,0,0,0,0,0,0,0,0,0,0,0,0,0,Mozambique,2010
0,0,0,0,0,,,,0,0,0,0,0,,Myanmar,1900
0,0,0,0,0,,,,0,0,0,0,0,,Myanmar,1910
0,0,0,0,0,,,,0,0,0,0,0,,Myanmar,1920
58.6,0,0,0,0,,,,0.405957826,0,0,0,0,,Myanmar,1930
1.5,0,0,0,0,,,,0.008999917,0,0,0,0,,Myanmar,1940
0,0,0,0,0,,,,0,0,0,0,0,,Myanmar,1950
0,0,0,0,0,0,0,0,0,0,0,0,0,0,Myanmar,1960
0,0,0,0,0,0,0,0,0,0,0,0,0,0,Myanmar,1970
0,0,0,0,0,0,0,0,0,0,0,0,0,0,Myanmar,1980
0,0,16,0,16,0,0,0,0,0,0.038195273,0,0.038195273,0,Myanmar,1990
7.1,0,1250,320,1570,0,0,50000,0.014619883,0,2.573923071,0.658924306,3.232847377,0.564499379,Myanmar,2000
11.6,35.8,2040.5,315.2,2391.5,0,0,1477,0.022657425,0.069820565,3.99092871,0.618148301,4.678897575,0.002511898,Myanmar,2010
0,0,0,0,0,0,0,0,0,0,0,0,0,0,Namibia,1980
0,0,0,0,0,0,0,0,0,0,0,0,0,0,Namibia,1990
0,0,0,0,0,0,0,0,0,0,0,0,0,0,Namibia,2000
0,0,0,0,0,0,0,0,0,0,0,0,0,0,Namibia,2010
0,0,0,0,0,,,,0,0,0,0,0,,Nepal,1950
8,10,2000,0,2010,0,0,100,0.071601181,0.089501477,17.90029535,0,17.98979683,0.011027645,Nepal,1960
0,0,0,0,0,0,0,0,0,0,0,0,0,0,Nepal,1970
80.9,661.6,50000,3500,54161.6,0,0,30500,0.460025519,4.293142048,299.6637115,23.30847096,327.2653245,1.431113975,Nepal,1980
0,5.5,23,0,28.5,0,0,0,0,0.026842362,0.112249878,0,0.13909224,0,Nepal,1990
0,0,0,0,0,0,0,0,0,0,0,0,0,0,Nepal,2000
897.6,2044.9,578965,0,581009.9,0,10000,517400,3.322596065,7.56946675,2143.064446,0,2150.633913,2.123904377,Nepal,2010
0,0,0,0,0,,,,0,0,0,0,0,,Netherlands,1950
0,0,0,0,0,0,0,0,0,0,0,0,0,0,Netherlands,1960
0,0,0,0,0,0,0,0,0,0,0,0,0,0,Netherlands,1970
0,0,0,0,0,0,0,0,0,0,0,0,0,0,Netherlands,1980
0,2,0,0,2,0,0,0,0,0.013187393,0,0,0.013187393,0,Netherlands,1990
0,0,0,0,0,0,0,0,0,0,0,0,0,0,Netherlands,2000
0,0,0,0,0,0,0,0,0,0,0,0,0,0,Netherlands,2010
0,0,0,0,0,,,,0,0,0,0,0,,Netherlands Antilles,1950
0,0,0,0,0,0,0,0,0,0,0,0,0,0,Netherlands Antilles,1960
0,0,0,0,0,0,0,0,0,0,0,0,0,0,Netherlands Antilles,1970
0,0,0,0,0,0,0,0,0,0,0,0,0,0,Netherlands Antilles,1980
0,0,0,0,0,0,0,0,0,0,0,0,0,0,Netherlands Antilles,1990
0,0,0,0,0,,,,0,0,0,0,0,,New Caledonia,1930
0,0,0,0,0,,,,0,0,0,0,0,,New Caledonia,1940
0,0,0,0,0,,,,0,0,0,0,0,,New Caledonia,1950
0,0,0,0,0,0,0,0,0,0,0,0,0,0,New Caledonia,1960
0,0,0,0,0,0,0,0,0,0,0,0,0,0,New Caledonia,1970
0,0,0,0,0,0,0,0,0,0,0,0,0,0,New Caledonia,1980
0,0,0,0,0,0,0,0,0,0,0,0,0,0,New Caledonia,1990
0,0,0,0,0,0,0,0,0,0,0,0,0,0,New Caledonia,2000
0,0,0,0,0,,,,0,0,0,0,0,,New Zealand,1910
1.7,0,0,0,0,,,,0.115493367,0,0,0,0,,New Zealand,1920
25.6,0,1100,0,1100,,,,1.694697583,0,72.81903675,0,72.81903675,,New Zealand,1930
0,0,0,0,0,,,,0,0,0,0,0,,New Zealand,1940
0,0,0,0,0,,,,0,0,0,0,0,,New Zealand,1950
0.3,1.4,30,0,31.4,0,0,266.9,0.010960906,0.051150895,1.09609061,0,1.147241505,0.005151915,New Zealand,1960
0,0,0,0,0,0,0,0,0,0,0,0,0,0,New Zealand,1970
0.1,2.5,700,0,702.5,0,0,21000,0.003020236,0.075505889,21.14164905,0,21.21715494,0.05201064,New Zealand,1980
0,0,0,0,0,0,0,0,0,0,0,0,0,0,New Zealand,1990
0,0,0,0,0,0,0,0,0,0,0,0,0,0,New Zealand,2000
18.4,160.1,61383.6,30,61573.7,0,2111180,2845000,0.416150653,3.617013466,1396.002875,0.678886626,1400.298775,1.722237946,New Zealand,2010
200,0,0,0,0,,,,24.4747066,0,0,0,0,,Nicaragua,1930
0,0,0,0,0,,,,0,0,0,0,0,,Nicaragua,1940
50,0,0,0,0,,,,3.753753754,0,0,0,0,,Nicaragua,1950
0,0,200,0,200,0,0,200,0,0,8.830022075,0,8.830022075,0.028739762,Nicaragua,1960
1000,2000,40000,30000,72000,0,10000,84500,39.07776475,78.1555295,1563.11059,1172.332943,2813.599062,9.593084187,Nicaragua,1970
0,0,0,0,0,0,0,0,0,0,0,0,0,0,Nicaragua,1980
17.9,49.2,591.5,1,641.7,0,0,2500,0.410080183,1.12638365,13.4936649,0.020362452,14.640411,0.139446676,Nicaragua,1990
0.7,4.2,178.5,565,747.7,0,0,0,0.01380943,0.082856579,3.521404616,11.14618268,14.75044387,0,Nicaragua,2000
0.2,26.6,1201.5,0,1228.1,0,0,300,0.003255738,0.433013186,19.55884747,0,19.99186065,0.00252516,Nicaragua,2010
0,0,0,0,0,,,,0,0,0,0,0,,Niger,1900
0,0,0,0,0,,,,0,0,0,0,0,,Niger,1910
0,0,0,0,0,,,,0,0,0,0,0,,Niger,1920
0,0,0,0,0,,,,0,0,0,0,0,,Niger,1930
0,0,0,0,0,,,,0,0,0,0,0,,Niger,1940
0,0,0,0,0,,,,0,0,0,0,0,,Niger,1950
0,0,0,0,0,0,0,0,0,0,0,0,0,0,Niger,1960
0,0,0,0,0,0,0,0,0,0,0,0,0,0,Niger,1970
0,0,0,0,0,0,0,0,0,0,0,0,0,0,Niger,1980
0,0,0,0,0,0,0,0,0,0,0,0,0,0,Niger,1990
0,0,0,0,0,0,0,0,0,0,0,0,0,0,Niger,2000
0,0,0,0,0,0,0,0,0,0,0,0,0,0,Niger,2010
0,0,0,0,0,0,0,0,0,0,0,0,0,0,Nigeria,1970
0,0,0,0,0,0,0,0,0,0,0,0,0,0,Nigeria,1980
0,0,0,0,0,0,0,0,0,0,0,0,0,0,Nigeria,1990
0,0,0,0,0,0,0,0,0,0,0,0,0,0,Nigeria,2000
0,0,0,0,0,0,0,0,0,0,0,0,0,0,Nigeria,2010
390,0,9000,8456.4,17456.4,,,,0.340507298,0,7.463797287,7.139758613,14.6035559,,North America,1900
526.7,2.2,0,0,2.2,,,,0.419400064,0.001698328,0,0,0.001698328,,North America,1910
70.1,16.7,0,0,16.7,,,,0.053648315,0.012982415,0,0,0.012982415,,North America,1920
295,12,0,200,212,,,,0.179160155,0.006934163,0,0.115569387,0.12250355,,North America,1930
25.5,0,0,0,0,,,,0.012593998,0,0,0,0,,North America,1940
187.2,50,0,27,77,,,,0.092641825,0.023016878,0,0.013322727,0.036339605,,North America,1950
40.2,163.8,9658.2,4800,14622,0,0,95640,0.016056935,0.063702775,3.798430452,1.88811479,5.750248018,0.014691649,North America,1960
3365.7,9968.2,416837.3,146608.4,573413.9,0,13500,243595,1.179398798,3.479597293,144.6029344,51.11975789,199.2022896,0.014990373,North America,1970
1080.8,5520.2,255362.5,35756.5,296639.2,0,25500,1148997,0.337528265,1.71396308,79.69227607,11.09204662,92.49828577,0.020788251,North America,1980
45.2,990.4,26579.9,5923.5,33493.8,0,1045500,3091300,0.012893547,0.281435781,7.300003003,1.702263508,9.283702292,0.037686013,North America,1990
126,1028.8,199177.4,814.4,201020.6,0,76000,466485,0.032677772,0.266380254,51.34855936,0.210410108,51.82534973,0.003828127,North America,2000
22311.8,30819.7,641920.8,1391.1,674131.6,1150000,339200,1896250,5.30716053,7.322027734,150.0262888,0.32115253,157.669469,0.009793293,North America,2010
0,0,0,0,0,0,0,0,0,0,0,0,0,0,North Korea,1980
0,0,0,0,0,0,0,0,0,0,0,0,0,0,North Korea,1990
0,0,0,0,0,0,0,0,0,0,0,0,0,0,North Korea,2000
0,0,0,0,0,0,0,0,0,0,0,0,0,0,North Korea,2010
0,0,0,0,0,0,0,0,0,0,0,0,0,0,North Macedonia,1990
0,0,0,0,0,0,0,0,0,0,0,0,0,0,North Macedonia,2000
0,10,0,0,10,0,0,1000,0,0.480538203,0,0,0.480538203,0.00936289,North Macedonia,2010
0,0,0,0,0,0,0,0,0,0,0,0,0,0,Northern Mariana Islands,2000
0,0,0,0,0,0,0,0,0,0,0,0,0,0,Northern Mariana Islands,2010
0,0,0,0,0,,,,0,0,0,0,0,,Norway,1930
0,0,0,0,0,,,,0,0,0,0,0,,Norway,1940
0,0,0,0,0,,,,0,0,0,0,0,,Norway,1950
0,0,0,0,0,0,0,0,0,0,0,0,0,0,Norway,1960
0,0,0,0,0,0,0,0,0,0,0,0,0,0,Norway,1970
0,0,0,0,0,0,0,0,0,0,0,0,0,0,Norway,1980
0,0,0,0,0,0,0,0,0,0,0,0,0,0,Norway,1990
0,0,0,0,0,0,0,0,0,0,0,0,0,0,Norway,2000
0,0,0,0,0,0,0,0,0,0,0,0,0,0,Norway,2010
0,0,0,0,0,,,,0,0,0,0,0,,Oceania,1910
1.7,0,0,0,0,,,,0.017411479,0,0,0,0,,Oceania,1920
30.6,0,1100,0,1100,,,,0.306996726,0,11.03583003,0,11.03583003,,Oceania,1930
0,0,0,0,0,,,,0,0,0,0,0,,Oceania,1940
300,0,0,0,0,,,,2.264496934,0,0,0,0,,Oceania,1950
0.3,3,417.4,40,460.4,0,0,526.9,0.001576089,0.015760893,2.1928656,0.210145242,2.418771735,0.001350978,Oceania,1960
26.8,2.7,1000,50,1052.7,0,0,295,0.12359769,0.013198043,4.704986756,0.224497619,4.942682419,0.000501671,Oceania,1970
2.5,14,1400,50,1464,0,39600,121412.5,0.009740502,0.052505732,5.375058338,0.189477065,5.617041134,0.037285229,Oceania,1980
225.2,106.6,3619.9,1202,4928.5,0,5000,12500,0.738387628,0.35545308,12.12231769,4.159909889,16.63768066,0.003354543,Oceania,1990
25.1,40,1604.9,640,2284.9,0,0,13354,0.070210578,0.113201511,4.645860923,2.026777836,6.78584027,0.001244908,Oceania,2000
37.5,190.4,117270.9,30,117491.3,0,2111180,2851300,0.095283288,0.499558784,299.9438351,0.080112303,300.5235062,0.189818438,Oceania,2010
0,0,0,0,0,0,0,0,0,0,0,0,0,0,Oman,1970
0,0,0,0,0,0,0,0,0,0,0,0,0,0,Oman,1980
0,0,0,0,0,0,0,0,0,0,0,0,0,0,Oman,1990
0,0,0,0,0,0,0,0,0,0,0,0,0,0,Oman,2000
0,0,0,0,0,0,0,0,0,0,0,0,0,0,Oman,2010
23.1,0,0,0,0,,,,0.117190901,0,0,0,0,,Pakistan,1900
0,0,0,0,0,,,,0,0,0,0,0,,Pakistan,1910
0,0,0,0,0,,,,0,0,0,0,0,,Pakistan,1920
6000,2500,0,0,2500,,,,23.52515325,9.802147188,0,0,9.802147188,,Pakistan,1930
400,0,0,0,0,,,,1.252891831,0,0,0,0,,Pakistan,1940
1.2,0,0,0,0,,,,0.002963841,0,0,0,0,,Pakistan,1950
0,0,0,0,0,0,0,0,0,0,0,0,0,0,Pakistan,1960
480,1500,3500,520,5520,0,0,325.5,0.740415539,2.311034419,5.436639885,0.801158599,8.548832902,0.003657635,Pakistan,1970
28.9,260.5,1297.5,0,1558,0,0,1000,0.035502447,0.317777436,1.408288432,0,1.726065868,0.003467072,Pakistan,1980
41.3,108.1,17475.5,4206.5,21790.1,0,0,1100,0.03652545,0.096536717,15.77510178,3.642898775,19.51453727,0.002441704,Pakistan,1990
7357.9,12889.7,115169.9,500632,628691.6,520000,0,521050,4.589565323,8.040640127,77.82841707,312.3229317,398.1919889,0.433785684,Pakistan,2000
79.2,344.2,69784.7,13390,83518.9,0,0,11700,0.040550713,0.171354877,34.91092535,6.714236018,41.79651624,0.004935927,Pakistan,2010
0,0,0,0,0,0,0,0,0,0,0,0,0,0,Palau,2010
0,0,0,0,0,0,0,0,0,0,0,0,0,0,Palestine,2000
0,0,0,0,0,0,0,0,0,0,0,0,0,0,Palestine,2010
0,0,0,0,0,0,0,0,0,0,0,0,0,0,Panama,1960
0,0,0,0,0,0,0,0,0,0,0,0,0,0,Panama,1970
0,0,0,0,0,0,0,0,0,0,0,0,0,0,Panama,1980
3,59.6,1050,900,2009.6,0,0,0,0.118906064,2.362267142,41.61712247,35.67181926,79.65120888,0,Panama,1990
0.2,7.5,100,34,141.5,0,0,0,0.006232471,0.233717669,3.116235587,1.0595201,4.409473356,0,Panama,2000
0,0,0,0,0,0,0,0,0,0,0,0,0,0,Panama,2010
0,0,0,0,0,,,,0,0,0,0,0,,Papua New Guinea,1930
0,0,0,0,0,,,,0,0,0,0,0,,Papua New Guinea,1940
300,0,0,0,0,,,,14.91795127,0,0,0,0,,Papua New Guinea,1950
0,0,0,0,0,0,0,0,0,0,0,0,0,0,Papua New Guinea,1960
1.5,2,400,0,402,0,0,175,0.05389867,0.071864894,14.3729788,0,14.44484369,0.027109208,Papua New Guinea,1970
1.1,0,500,0,500,0,0,412.5,0.028162491,0,11.70640903,0,11.70640903,0.014364313,Papua New Guinea,1980
223.5,86.8,1919.9,1000,3006.7,0,0,500,4.016085534,1.600825735,36.6858586,20.20610224,58.49278658,0.01005116,Papua New Guinea,1990
0.8,7.1,440,640,1087.1,0,0,0,0.013157684,0.116446554,7.214297426,10.83220186,18.16294584,0,Papua New Guinea,2000
18.1,30.1,54465,0,54495.1,0,0,6100,0.210318383,0.349733475,632.8577839,0,633.2075174,0.025301219,Papua New Guinea,2010
0,0,0,0,0,0,0,0,0,0,0,0,0,0,Paraguay,1960
0,0,0,0,0,0,0,0,0,0,0,0,0,0,Paraguay,1970
0,0,0,0,0,0,0,0,0,0,0,0,0,0,Paraguay,1980
0,0,0,0,0,0,0,0,0,0,0,0,0,0,Paraguay,1990
0,0,0,0,0,0,0,0,0,0,0,0,0,0,Paraguay,2000
0,0,0,0,0,0,0,0,0,0,0,0,0,0,Paraguay,2010
18.4,0,0,0,0,,,,0.423372798,0,0,0,0,,Peru,1910
0,0,0,0,0,,,,0,0,0,0,0,,Peru,1920
3.7,0,0,0,0,,,,0.057802023,0,0,0,0,,Peru,1930
204.2,352.5,0,0,352.5,,,,2.87411589,5.416368062,0,0,5.416368062,,Peru,1940
12,22,0,100,122,,,,0.146586417,0.280975264,0,1.190334484,1.471309748,,Peru,1950
34.4,203.6,6090,4925.6,11219.2,0,0,2010,0.284859183,1.701376102,50.3435746,40.88992197,92.93487266,0.032496824,Peru,1960
6694.8,14699.7,462916.9,7510,485126.6,0,0,56200,49.7291664,108.865711,3376.316952,52.7936341,3537.976297,0.744781965,Peru,1970
5.4,29.5,2315.6,40,2385.1,0,0,2850,0.028833715,0.154061419,12.42308533,0.201153583,12.77830033,0.017565656,Peru,1980
29.2,227.7,17897.5,5183,23308.2,0,0,210,0.130463474,0.989505373,77.45986715,22.38973807,100.8391106,0.000597818,Peru,1990
74.9,415.8,88591.1,12486.5,101493.4,0,25000,90005,0.267436267,1.523110247,317.2685791,46.59315646,365.3848459,0.116390519,Peru,2000
1.8,52.2,3488.7,442.5,3983.4,0,0,0,0.00585758,0.171660261,11.28381139,1.469768026,12.92523968,0,Peru,2010
0,0,0,0,0,,,,0,0,0,0,0,,Philippines,1900
10,0,0,0,0,,,,0.110402779,0,0,0,0,,Philippines,1910
1.7,0,0,0,0,,,,0.016419962,0,0,0,0,,Philippines,1920
0.1,20,0,0,20,,,,0.000732291,0.146458173,0,0,0.146458173,,Philippines,1930
7.2,0,0,0,0,,,,0.041190591,0,0,0,0,,Philippines,1940
41.3,210.1,0,0,210.1,,,,0.186437558,0.948998438,0,0,0.948998438,,Philippines,1950
30.3,26.1,0,0,26.1,0,0,500,0.092370572,0.07723036,0,0,0.07723036,0.006586224,Philippines,1960
602.9,664.2,23500,0,24164.2,0,0,13455,1.421254469,1.574648475,54.98020489,0,56.55485336,0.078870938,Philippines,1970
2.1,20.1,187.5,0,207.6,0,0,222.7,0.004064338,0.038841338,0.363180884,0,0.402022222,0.000670537,Philippines,1980
250.4,374.6,189561.5,398.5,190334.6,0,5540,37599.4,0.403166285,0.601404817,302.2824594,0.58447368,303.4683379,0.08440595,Philippines,1990
1.5,10.2,7373.1,1,7384.3,0,0,180.4,0.001843545,0.012506714,9.056174925,0.001082087,9.069763726,0.000208414,Philippines,2000
45.1,358.9,434311.4,0,434670.3,530,2000,13919.9,0.044946177,0.344194051,433.376156,0,433.7203501,0.004361778,Philippines,2010
0,0,0,0,0,,,,0,0,0,0,0,,Poland,1920
0,0,0,0,0,,,,0,0,0,0,0,,Poland,1930
0,0,0,0,0,,,,0,0,0,0,0,,Poland,1940
0,0,0,0,0,,,,0,0,0,0,0,,Poland,1950
0,0,0,0,0,0,0,0,0,0,0,0,0,0,Poland,1960
0,0,0,0,0,0,0,0,0,0,0,0,0,0,Poland,1970
0,0,105,0,105,0,0,0,0,0,0.289879079,0,0.289879079,0,Poland,1980
0,0,0,0,0,0,0,0,0,0,0,0,0,0,Poland,1990
0,0,0,0,0,0,0,0,0,0,0,0,0,0,Poland,2000
0,0,0,0,0,0,0,0,0,0,0,0,0,0,Poland,2010
3,0,0,0,0,,,,0.05128782,0,0,0,0,,Portugal,1900
0,0,0,0,0,,,,0,0,0,0,0,,Portugal,1910
0,0,0,0,0,,,,0,0,0,0,0,,Portugal,1920
0,0,0,0,0,,,,0,0,0,0,0,,Portugal,1930
0,0,0,0,0,,,,0,0,0,0,0,,Portugal,1940
0,0,0,0,0,,,,0,0,0,0,0,,Portugal,1950
0.2,8,100,0,108,0,0,0,0.002312406,0.092496242,1.125112511,0,1.217608754,0,Portugal,1960
0,0,0,0,0,0,0,0,0,0,0,0,0,0,Portugal,1970
6.9,60,2130,0,2190,0,0,500,0.070761973,0.615321505,21.84391344,0,22.45923495,0.001519918,Portugal,1980
1,10,0,100,110,0,0,7200,0.009790484,0.097904836,0,0.979048365,1.076953201,0.005808981,Portugal,1990
0,0,0,0,0,0,0,0,0,0,0,0,0,0,Portugal,2000
0,0,0,0,0,0,0,0,0,0,0,0,0,0,Portugal,2010
11.6,0,0,0,0,,,,0,0,0,0,0,,Puerto Rico,1910
0,0,0,0,0,,,,0,0,0,0,0,,Puerto Rico,1920
0,0,0,0,0,,,,0,0,0,0,0,,Puerto Rico,1930
0,0,0,0,0,,,,0,0,0,0,0,,Puerto Rico,1940
0,0,0,0,0,,,,0,0,0,0,0,,Puerto Rico,1950
0,0,0,0,0,0,0,0,0,0,0,0,0,0,Puerto Rico,1960
0,0,0,0,0,0,0,0,0,0,0,0,0,0,Puerto Rico,1970
0,0,0,0,0,0,0,0,0,0,0,0,0,0,Puerto Rico,1980
0,0,0,0,0,0,0,0,0,0,0,0,0,0,Puerto Rico,1990
0,0,0,0,0,0,0,0,0,0,0,0,0,0,Puerto Rico,2000
0,0,0,0,0,0,0,0,0,0,0,0,0,0,Puerto Rico,2010
0,0,0,0,0,0,0,0,0,0,0,0,0,0,Qatar,2010
0,0,0,0,0,,,,0,0,0,0,0,,Reunion,1940
0,0,0,0,0,,,,0,0,0,0,0,,Reunion,1950
0,0,0,0,0,0,0,0,0,0,0,0,0,0,Reunion,1960
0,0,0,0,0,0,0,0,0,0,0,0,0,0,Reunion,1970
0,0,0,0,0,0,0,0,0,0,0,0,0,0,Reunion,1980
0,0,0,0,0,0,0,0,0,0,0,0,0,0,Reunion,1990
0,0,0,0,0,0,0,0,0,0,0,0,0,0,Reunion,2000
0,0,0,0,0,0,0,0,0,0,0,0,0,0,Reunion,2010
0,0,0,0,0,,,,0,0,0,0,0,,Romania,1900
0,0,0,0,0,,,,0,0,0,0,0,,Romania,1910
0,0,0,0,0,,,,0,0,0,0,0,,Romania,1920
0,0,0,0,0,,,,0,0,0,0,0,,Romania,1930
98,0,0,0,0,,,,0.623575916,0,0,0,0,,Romania,1940
0,0,0,0,0,,,,0,0,0,0,0,,Romania,1950
0,0,0,0,0,0,0,0,0,0,0,0,0,0,Romania,1960
164.1,1130,20000,17500,38630,0,0,200000,0.742937342,5.115900036,90.5469033,79.22854038,174.8913437,0,Romania,1970
0,0,0,0,0,0,0,0,0,0,0,0,0,0,Romania,1980
0.9,70.5,184.5,400,655,0,2370,0,0.003831581,0.300143395,0.786545594,1.7052479,2.79193689,0,Romania,1990
0,0,0,0,0,0,0,0,0,0,0,0,0,0,Romania,2000
0,0,0,0,0,0,0,0,0,0,0,0,0,0,Romania,2010
200.1,101.2,600,734,1435.2,0,0,6500,0.134995633,0.068272273,0.408396635,0.498224485,0.974893393,0.001666522,Russia,1990
1.8,16.5,1727.3,2840,4583.8,0,0,48652,0.001254564,0.011499981,1.204847223,1.952573914,3.168921118,0.004068821,Russia,2000
0,0,0,0,0,0,0,0,0,0,0,0,0,0,Russia,2010
0,0,0,0,0,0,0,0,0,0,0,0,0,0,Rwanda,1970
0,0,0,0,0,0,0,0,0,0,0,0,0,0,Rwanda,1980
0,0,0,0,0,0,0,0,0,0,0,0,0,0,Rwanda,1990
8.1,75.1,153.5,0,228.6,0,0,0,0.091195062,0.803225104,1.821526047,0,2.624751151,0,Rwanda,2000
0,0,0,0,0,0,0,0,0,0,0,0,0,0,Rwanda,2010
0,0,0,0,0,0,0,0,0,0,0,0,0,0,Saint Barthelemy,2010
0,0,0,0,0,0,0,0,0,0,0,0,0,0,"Saint Helena, Ascension and Tristan da Cunha",2000
0,0,0,0,0,,,,0,0,0,0,0,,Saint Kitts and Nevis,1920
0,0,0,0,0,,,,0,0,0,0,0,,Saint Kitts and Nevis,1930
0,0,0,0,0,,,,0,0,0,0,0,,Saint Kitts and Nevis,1940
0,0,0,0,0,,,,0,0,0,0,0,,Saint Kitts and Nevis,1950
0,0,0,0,0,0,0,0,0,0,0,0,0,0,Saint Kitts and Nevis,1960
0,0,0,0,0,0,0,0,0,0,0,0,0,0,Saint Kitts and Nevis,1970
0,0,0,0,0,0,0,0,0,0,0,0,0,0,Saint Kitts and Nevis,1980
0,0,0,0,0,0,0,0,0,0,0,0,0,0,Saint Kitts and Nevis,1990
0,0,0,0,0,0,0,0,0,0,0,0,0,0,Saint Kitts and Nevis,2000
0,0,0,0,0,0,0,0,0,0,0,0,0,0,Saint Kitts and Nevis,2010
0,0,0,0,0,0,0,0,0,0,0,0,0,0,Saint Lucia,1960
0,0,0,0,0,0,0,0,0,0,0,0,0,0,Saint Lucia,1970
0,0,0,0,0,0,0,0,0,0,0,0,0,0,Saint Lucia,1980
0,0,0,0,0,0,0,0,0,0,0,0,0,0,Saint Lucia,1990
0,0,0,0,0,0,0,0,0,0,0,0,0,0,Saint Lucia,2000
0,0,0,0,0,0,0,0,0,0,0,0,0,0,Saint Lucia,2010
0,0,0,0,0,0,0,0,0,0,0,0,0,0,Saint Martin (French Part),2010
0,0,0,0,0,,,,0,0,0,0,0,,Saint Vincent and the Grenadines,1900
0,0,0,0,0,,,,0,0,0,0,0,,Saint Vincent and the Grenadines,1910
0,0,0,0,0,,,,0,0,0,0,0,,Saint Vincent and the Grenadines,1920
0,0,0,0,0,,,,0,0,0,0,0,,Saint Vincent and the Grenadines,1930
0,0,0,0,0,,,,0,0,0,0,0,,Saint Vincent and the Grenadines,1940
0,0,0,0,0,,,,0,0,0,0,0,,Saint Vincent and the Grenadines,1950
0,0,0,0,0,0,0,0,0,0,0,0,0,0,Saint Vincent and the Grenadines,1960
0,0,0,0,0,0,0,0,0,0,0,0,0,0,Saint Vincent and the Grenadines,1970
0,0,0,0,0,0,0,0,0,0,0,0,0,0,Saint Vincent and the Grenadines,1980
0,0,0,0,0,0,0,0,0,0,0,0,0,0,Saint Vincent and the Grenadines,1990
0,0,0,0,0,0,0,0,0,0,0,0,0,0,Saint Vincent and the Grenadines,2000
0,0,0,0,0,0,0,0,0,0,0,0,0,0,Saint Vincent and the Grenadines,2010
0,0,0,0,0,0,0,0,0,0,0,0,0,0,Samoa,1960
0,0,0,0,0,0,0,0,0,0,0,0,0,0,Samoa,1970
0,0,0,0,0,0,0,0,0,0,0,0,0,0,Samoa,1980
0,0,0,0,0,0,0,0,0,0,0,0,0,0,Samoa,1990
14.8,31,527.4,0,558.4,0,0,12404,8,16.75675676,285.0810811,0,301.8378378,2.121407951,Samoa,2000
0,0,0,0,0,0,0,0,0,0,0,0,0,0,Samoa,2010
0,0,0,0,0,0,0,0,0,0,0,0,0,0,Sao Tome and Principe,1980
0,0,0,0,0,0,0,0,0,0,0,0,0,0,Saudi Arabia,1960
0,0,0,0,0,0,0,0,0,0,0,0,0,0,Saudi Arabia,1970
0,0,0,0,0,0,0,0,0,0,0,0,0,0,Saudi Arabia,1980
0,0,0,0,0,0,0,0,0,0,0,0,0,0,Saudi Arabia,1990
0,0,0,0,0,0,0,0,0,0,0,0,0,0,Saudi Arabia,2000
0,0,0,0,0,0,0,0,0,0,0,0,0,0,Saudi Arabia,2010
0,0,0,0,0,,,,0,0,0,0,0,,Senegal,1910
0,0,0,0,0,,,,0,0,0,0,0,,Senegal,1920
0,0,0,0,0,,,,0,0,0,0,0,,Senegal,1930
0,0,0,0,0,,,,0,0,0,0,0,,Senegal,1940
0,0,0,0,0,,,,0,0,0,0,0,,Senegal,1950
0,0,0,0,0,0,0,0,0,0,0,0,0,0,Senegal,1960
0,0,0,0,0,0,0,0,0,0,0,0,0,0,Senegal,1970
0,0,0,0,0,0,0,0,0,0,0,0,0,0,Senegal,1980
0,0,0,0,0,0,0,0,0,0,0,0,0,0,Senegal,1990
0,0,0,0,0,0,0,0,0,0,0,0,0,0,Senegal,2000
0,0,0,0,0,0,0,0,0,0,0,0,0,0,Senegal,2010
0,0,0,0,0,0,0,0,0,0,0,0,0,0,Serbia,2000
0.2,12,2544,147,2703,0,0,13226,0.002224447,0.1334668,28.29496163,1.634968302,30.06339673,0.031626418,Serbia,2010
0,0,0,0,0,0,0,0,0,0,0,0,0,0,Serbia-Montenegro,1990
0.1,10,0,0,10,0,0,0,0,0,0,0,0,0,Serbia-Montenegro,2000
0,0,0,0,0,0,0,0,0,0,0,0,0,0,Seychelles,1990
0.3,0,476,7,483,0,0,3000,0.344827586,0,547.1264368,8.045977011,555.1724138,0.357432238,Seychelles,2000
0,0,0,0,0,0,0,0,0,0,0,0,0,0,Seychelles,2010
0,0,0,0,0,0,0,0,0,0,0,0,0,0,Sierra Leone,1970
0,0,0,0,0,0,0,0,0,0,0,0,0,0,Sierra Leone,1980
0,0,0,0,0,0,0,0,0,0,0,0,0,0,Sierra Leone,1990
0,0,0,0,0,0,0,0,0,0,0,0,0,0,Sierra Leone,2000
0,0,0,0,0,0,0,0,0,0,0,0,0,0,Sierra Leone,2010
0,0,0,0,0,0,0,0,0,0,0,0,0,0,Sint Maarten (Dutch part),2010
0,0,0,0,0,0,0,0,0,0,0,0,0,0,Slovakia,1990
0,0,0,0,0,0,0,0,0,0,0,0,0,0,Slovakia,2000
0,0,0,0,0,0,0,0,0,0,0,0,0,0,Slovakia,2010
0,0,0,70,70,0,0,0,0,0,0,3.522898842,3.522898842,0,Slovenia,1990
0.1,0.5,60,0,60.5,0,100,1000,0.005025126,0.025125628,3.015075377,0,3.040201005,0.002905728,Slovenia,2000
0,0,0,0,0,0,0,0,0,0,0,0,0,0,Slovenia,2010
5,0,0,0,0,,,,6.325270722,0,0,0,0,,Solomon Islands,1930
0,0,0,0,0,,,,0,0,0,0,0,,Solomon Islands,1940
0,0,0,0,0,,,,0,0,0,0,0,,Solomon Islands,1950
0,0,0,0,0,0,0,0,0,0,0,0,0,0,Solomon Islands,1960
25.2,0.2,100,0,100.2,0,0,0,12.8626943,0.096153846,48.07692308,0,48.17307692,0,Solomon Islands,1970
0.1,0,0,50,50,0,0,0,0.033898305,0,0,16.94915254,16.94915254,0,Solomon Islands,1980
0,0,0,0,0,0,0,0,0,0,0,0,0,0,Solomon Islands,1990
5.2,0.9,237.5,0,238.4,0,0,0,1.056910569,0.182926829,48.27235772,0,48.45528455,0,Solomon Islands,2000
1,0.2,1422.3,0,1422.5,0,0,200,0.175131349,0.035094483,237.4271071,0,237.4622016,0.01556785,Solomon Islands,2010
0,0,0,0,0,0,0,0,0,0,0,0,0,0,Somalia,1960
0,0,0,0,0,0,0,0,0,0,0,0,0,0,Somalia,1970
0,0,0,0,0,0,0,0,0,0,0,0,0,0,Somalia,1980
0,0,0,0,0,0,0,0,0,0,0,0,0,0,Somalia,1990
29.8,28.3,10480,0,10508.3,0,0,10000,0.294175716,0.279368213,103.4550839,0,103.7344521,0,Somalia,2000
0,0,0,0,0,0,0,0,0,0,0,0,0,0,Somalia,2010
0,0,0,0,0,,,,0,0,0,0,0,,South Africa,1950
0.9,0,100,0,100,0,0,2400,0.004186825,0,0.465202828,0,0.465202828,0.014302406,South Africa,1960
0,0,0,0,0,0,0,0,0,0,0,0,0,0,South Africa,1970
0,0,0,0,0,0,0,0,0,0,0,0,0,0,South Africa,1980
2.5,5.2,0,0,5.2,0,0,0,0.006206745,0.0123313,0,0,0.0123313,0,South Africa,1990
0.2,5.8,0,0,5.8,0,1000,2000,0.000417702,0.012113364,0,0,0.012113364,0.000775876,South Africa,2000
0.1,0.2,200,0,200.2,0,0,0,0.000183338,0.000366676,0.366676445,0,0.367043121,0,South Africa,2010
2040,0,0,0,0,,,,4.365212322,0,0,0,0,,South America,1900
18.4,0,0,0,0,,,,0.034037205,0,0,0,0,,South America,1910
196,0,0,0,0,,,,0.303740882,0,0,0,0,,South America,1920
3005.5,5850,0,0,5850,,,,3.401533774,6.620627989,0,0,6.620627989,,South America,1930
1829.7,3873.3,22000,0,25873.3,,,,1.794151237,3.982423451,21.31525922,0,25.29768267,,South America,1940
55.7,35.6,0,4100,4135.6,,,,0.046440651,0.029408606,0,3.597078807,3.626487413,,South America,1950
711.6,742.8,220390,4925.6,226058.4,0,0,83610,0.468003127,0.456640597,146.0606444,2.827311081,149.3445961,0.179621909,South America,1960
6780.2,14931.6,705069.1,16309.2,736309.9,0,0,93480,3.522521583,7.736408061,360.4768314,7.877618715,376.0908582,0.069795889,South America,1970
552.3,448.4,109974.8,66620,177043.2,0,9000,345240,0.199305633,0.16975163,41.13832074,24.62163896,65.92971133,0.067466682,South America,1980
204.7,1267.3,102994.9,57489.2,161751.4,0,10000,199952.6,0.061891809,0.379885438,30.76189853,17.02910301,48.17088697,0.015719118,South America,1990
78.7,460.9,94777,12726.5,107964.4,0,29000,101505,0.021008474,0.12687012,25.4023271,3.597343784,29.12654101,0.005281862,South America,2000
128.4,1730.4,354975.3,80534,437239.7,334400,891000,3300400,0.031676434,0.430974055,88.41105038,20.5113416,109.353366,0.086941856,South America,2010
0,0,0,0,0,,,,0,0,0,0,0,,South Korea,1930
0,0,0,0,0,,,,0,0,0,0,0,,South Korea,1940
0,0,0,0,0,,,,0,0,0,0,0,,South Korea,1950
0,0,0,0,0,0,0,0,0,0,0,0,0,0,South Korea,1960
0,0,0,0,0,0,0,0,0,0,0,0,0,0,South Korea,1970
0,0,0,0,0,0,0,0,0,0,0,0,0,0,South Korea,1980
0,0,0,0,0,0,0,0,0,0,0,0,0,0,South Korea,1990
0,0,0,0,0,0,0,0,0,0,0,0,0,0,South Korea,2000
0,8.9,3480,0,3488.9,0,0,2100,0,0.017432074,6.823635797,0,6.841067871,0.00013999,South Korea,2010
0,0,0,0,0,0,0,0,0,0,0,0,0,0,South Sudan,2000
0,0,0,0,0,0,0,0,0,0,0,0,0,0,South Sudan,2010
456.2,0,12511.2,0,12511.2,,,,0,0,0,0,0,,Soviet Union,1900
0,0,0,0,0,,,,0,0,0,0,0,,Soviet Union,1910
0,0,0,0,0,,,,0,0,0,0,0,,Soviet Union,1920
0,0,0,0,0,,,,0,0,0,0,0,,Soviet Union,1930
11390,0,0,0,0,,,,0,0,0,0,0,,Soviet Union,1940
0,0,0,0,0,,,,0,0,0,0,0,,Soviet Union,1950
1,0,10000,0,10000,0,0,30000,0,0,0,0,0,0,Soviet Union,1960
0,0,0,0,0,0,0,8500,0,0,0,0,0,0,Soviet Union,1970
2530.6,1278.9,134500,56850,192628.9,0,0,1475980,0,0,0,0,0,0,Soviet Union,1980
27.9,150.8,9500,18450,28100.8,0,0,170000,0,0,0,0,0,0,Soviet Union,1990
0,0,0,0,0,,,,0,0,0,0,0,,Spain,1940
1.1,7,0,0,7,,,,0.003755548,0.023898942,0,0,0.023898942,,Spain,1950
0,0,0,0,0,0,0,0,0,0,0,0,0,0,Spain,1960
0,0,0,0,0,0,0,0,0,0,0,0,0,0,Spain,1970
0,0,0,0,0,0,0,0,0,0,0,0,0,0,Spain,1980
0,2,0,0,2,0,0,4400.4,0,0.004943887,0,0,0.004943887,0.000693312,Spain,1990
0,0,0,0,0,0,0,0,0,0,0,0,0,0,Spain,2000
1,30,0,1500,1530,0,10000,20000,0.002123864,0.063715912,0,3.185795599,3.249511511,0.001352475,Spain,2010
0,0,0,0,0,,,,0,0,0,0,0,,Sri Lanka,1950
0,0,0,0,0,0,0,0,0,0,0,0,0,0,Sri Lanka,1960
0,0,0,0,0,0,0,0,0,0,0,0,0,0,Sri Lanka,1970
0,0,0,0,0,0,0,0,0,0,0,0,0,0,Sri Lanka,1980
0,0,0,0,0,0,0,0,0,0,0,0,0,0,Sri Lanka,1990
3539.9,2317.6,51613,48000,101930.6,0,0,131650,18.25914272,11.95440243,266.2247898,247.5885903,525.7677825,0.637143786,Sri Lanka,2000
0,0,0,0,0,0,0,0,0,0,0,0,0,0,Sri Lanka,2010
0,0,0,0,0,0,0,0,0,0,0,0,0,0,Sudan,1970
0,0,0,0,0,0,0,0,0,0,0,0,0,0,Sudan,1980
0.3,1.5,800,0,801.5,0,0,0,0.001331676,0.006658381,3.970617431,0,3.977275812,0,Sudan,1990
0,0,0,0,0,0,0,0,0,0,0,0,0,0,Sudan,2000
0,0,0,0,0,0,0,0,0,0,0,0,0,0,Sudan,2010
0,0,0,0,0,0,0,0,0,0,0,0,0,0,Suriname,1960
0,0,0,0,0,0,0,0,0,0,0,0,0,0,Suriname,1970
0,0,0,0,0,0,0,0,0,0,0,0,0,0,Suriname,1980
0,0,0,0,0,0,0,0,0,0,0,0,0,0,Suriname,1990
0,0,0,0,0,0,0,0,0,0,0,0,0,0,Suriname,2000
0,0,0,0,0,0,0,0,0,0,0,0,0,0,Sweden,1970
0,0,0,0,0,0,0,0,0,0,0,0,0,0,Sweden,1980
0,0,0,0,0,0,0,0,0,0,0,0,0,0,Sweden,1990
0,0,0,0,0,0,0,0,0,0,0,0,0,0,Sweden,2000
0,0,0,0,0,0,0,0,0,0,0,0,0,0,Sweden,2010
0,0,0,0,0,,,,0,0,0,0,0,,Switzerland,1950
0,0,0,0,0,0,0,0,0,0,0,0,0,0,Switzerland,1960
0,0,0,0,0,0,0,0,0,0,0,0,0,0,Switzerland,1970
0,0,0,0,0,0,0,0,0,0,0,0,0,0,Switzerland,1980
0,0,0,0,0,0,0,0,0,0,0,0,0,0,Switzerland,1990
0,0,0,0,0,0,0,0,0,0,0,0,0,0,Switzerland,2000
0,0,0,0,0,0,0,0,0,0,0,0,0,0,Switzerland,2010
0,0,0,0,0,0,0,0,0,0,0,0,0,0,Syria,1960
0,0,0,0,0,0,0,0,0,0,0,0,0,0,Syria,1970
0,0,0,0,0,0,0,0,0,0,0,0,0,0,Syria,1980
0,0,0,0,0,0,0,0,0,0,0,0,0,0,Syria,1990
0,0,0,0,0,0,0,0,0,0,0,0,0,0,Syria,2000
0,0,0,0,0,0,0,0,0,0,0,0,0,0,Syria,2010
143,44.8,0,2823.6,2868.4,,,,4.707567868,1.479344733,0,92.86593165,94.34527638,,Taiwan,1900
29.5,10.5,0,252.3,262.8,,,,0.858772669,0.298665814,0,7.216365056,7.515030869,,Taiwan,1910
0.5,0,0,41.7,41.7,,,,0.013285968,0,0,1.108049729,1.108049729,,Taiwan,1920
603.6,1805.7,0,24086.4,25892.1,,,,11.80770022,35.32154697,0,471.4934682,506.8150152,,Taiwan,1930
37.7,38.4,0,880.4,918.8,,,,0.624222755,0.609695976,0,14.40488279,15.01457877,,Taiwan,1940
10.1,89.9,0,1191,1280.9,,,,0.122395079,1.114023046,0,15.01702181,16.13104486,,Taiwan,1950
12.2,250.3,3700,2300,6250.3,0,0,0,0.098156098,2.005786036,29.64268547,18.42653421,50.07500571,0,Taiwan,1960
0,0,0,0,0,0,0,0,0,0,0,0,0,0,Taiwan,1970
1.3,4.6,0,0,4.6,0,0,0,0.006646217,0.023517382,0,0,0.023517382,0,Taiwan,1980
226.5,891.8,0,10000,10891.8,0,100000,1410080,1.0371354,4.083520308,0,45.78964238,49.87316269,0,Taiwan,1990
0.6,24.2,30,0,54.2,0,1000,2500,0.002673054,0.10824087,0.134758782,0,0.242999652,0,Taiwan,2000
20.6,102.2,150,0,252.2,0,45900,180210,0.087077431,0.433336282,0.640423533,0,1.073759816,0,Taiwan,2010
9,0,0,0,0,,,,0.844655629,0,0,0,0,,Tajikistan,1910
0,0,0,0,0,,,,0,0,0,0,0,,Tajikistan,1920
17.5,0,0,0,0,,,,1.38131359,0,0,0,0,,Tajikistan,1930
0,0,0,0,0,,,,0,0,0,0,0,,Tajikistan,1940
0,0,0,0,0,,,,0,0,0,0,0,,Tajikistan,1950
0,0,0,0,0,0,0,0,0,0,0,0,0,0,Tajikistan,1960
0,0,0,0,0,0,0,0,0,0,0,0,0,0,Tajikistan,1970
0,0,0,0,0,0,0,0,0,0,0,0,0,0,Tajikistan,1980
0,0,0,0,0,0,0,0,0,0,0,0,0,0,Tajikistan,1990
1.7,7.2,2958.8,50,3016,0,0,2200,0.024575308,0.109489031,43.64568475,0.777967948,44.53314173,0.077732454,Tajikistan,2000
0.4,1.4,1735.4,113.4,1850.2,0,0,650,0.004905427,0.016560208,21.72015642,1.506576325,23.24329295,0.008703434,Tajikistan,2010
0.4,0,50,0,50,0,0,0,0.003541076,0,0.442634561,0,0.442634561,0,Tanzania,1960
0,0,0,0,0,0,0,0,0,0,0,0,0,0,Tanzania,1970
0,0,0,0,0,0,0,0,0,0,0,0,0,0,Tanzania,1980
0,0,0,0,0,0,0,0,0,0,0,0,0,0,Tanzania,1990
1.5,0.6,575,273.5,849.1,0,0,0,0.004059911,0.001791098,1.524277397,0.780030331,2.306098827,0,Tanzania,2000
1.7,44,13916.1,0,13960.1,0,0,45800,0.003204584,0.082942186,26.23253973,0,26.31548191,0.092015873,Tanzania,2010
0,0,0,0,0,0,0,0,0,0,0,0,0,0,Thailand,1960
0,0,0,0,0,0,0,0,0,0,0,0,0,0,Thailand,1970
0,0,0,0,0,0,0,0,0,0,0,0,0,0,Thailand,1980
0,0,0,0,0,0,0,0,0,0,0,0,0,0,Thailand,1990
834.5,845.7,5855,0,6700.7,0,25000,100000,1.283944919,1.301177014,9.00838526,0,10.30956227,0.057838238,Thailand,2000
0.2,3.9,1750,0,1753.9,0,1500,6200,0.000294224,0.005730395,2.557021581,0,2.562751977,0.001522074,Thailand,2010
0,0,0,0,0,0,0,0,0,0,0,0,0,0,Timor,2000
0,0.3,0,200,200.3,0,0,400,0,0.025083612,0,16.72240803,16.74749164,0.025087637,Timor,2010
0,0,0,0,0,0,0,0,0,0,0,0,0,0,Togo,1960
0,0,0,0,0,0,0,0,0,0,0,0,0,0,Togo,1970
0,0,0,0,0,0,0,0,0,0,0,0,0,0,Togo,1980
0,0,0,0,0,0,0,0,0,0,0,0,0,0,Togo,1990
0,0,0,0,0,0,0,0,0,0,0,0,0,0,Togo,2000
0,0,0,0,0,0,0,0,0,0,0,0,0,0,Togo,2010
0,0,0,0,0,,,,0,0,0,0,0,,Tonga,1940
0,0,0,0,0,,,,0,0,0,0,0,,Tonga,1950
0,0,0,0,0,0,0,0,0,0,0,0,0,0,Tonga,1960
0.1,0.5,500,50,550.5,0,0,120,0.111111111,0.555555556,555.5555556,55.55555556,611.6666667,0.351500151,Tonga,1970
0,0,0,0,0,0,0,0,0,0,0,0,0,0,Tonga,1980
0,0,0,0,0,0,0,0,0,0,0,0,0,0,Tonga,1990
0.9,0.7,50,0,50.7,0,0,950,0.865384615,0.673076923,48.07692308,0,48.75,0.304119332,Tonga,2000
0,0,0,0,0,0,0,0,0,0,0,0,0,0,Tonga,2010
0,0,0,0,0,,,,0,0,0,0,0,,Trinidad and Tobago,1930
0,0,0,0,0,,,,0,0,0,0,0,,Trinidad and Tobago,1940
0,0,0,0,0,,,,0,0,0,0,0,,Trinidad and Tobago,1950
0,0,0,0,0,0,0,0,0,0,0,0,0,0,Trinidad and Tobago,1960
0,0,0,0,0,0,0,0,0,0,0,0,0,0,Trinidad and Tobago,1970
0,0,0,0,0,0,0,0,0,0,0,0,0,0,Trinidad and Tobago,1980
0,0.2,0,1.5,1.7,0,0,2500,0,0.015873016,0,0.119047619,0.134920635,0.043571076,Trinidad and Tobago,1990
0,0,0,0,0,0,0,0,0,0,0,0,0,0,Trinidad and Tobago,2000
0,0,0,0,0,0,0,0,0,0,0,0,0,0,Trinidad and Tobago,2010
1.3,0,0,0,0,,,,0.032234069,0,0,0,0,,Tunisia,1950
0,0,0,0,0,0,0,0,0,0,0,0,0,0,Tunisia,1960
0,0,0,0,0,0,0,0,0,0,0,0,0,0,Tunisia,1970
0,0,0,0,0,0,0,0,0,0,0,0,0,0,Tunisia,1980
0,0,0,0,0,0,0,0,0,0,0,0,0,0,Tunisia,1990
0,0,0,0,0,0,0,0,0,0,0,0,0,0,Tunisia,2000
0,0,0,0,0,0,0,0,0,0,0,0,0,0,Tunisia,2010
640,0,6000,0,6000,,,,4.48602457,0,42.04064447,0,42.04064447,,Turkey,1900
492.3,227.5,0,6762,6989.5,,,,3.2821989,1.515266755,0,45.0776113,46.59287805,,Turkey,1910
36.3,20.9,0,726.9,747.8,,,,0.255715821,0.143268126,0,5.136141025,5.279409151,,Turkey,1920
3384.4,86.8,0,0,86.8,,,,19.27860599,0.503324879,0,0,0.503324879,,Turkey,1930
1445,535.5,0,0,535.5,,,,7.748262372,2.867537113,0,0,2.867537113,,Turkey,1940
158.1,51.9,5000,0,5051.9,,,,0.687035957,0.226039933,21.66190105,0,21.88794098,,Turkey,1950
281,253,36971.3,9700,46924.3,0,0,2800,0.882723312,0.786046274,114.8553233,29.79433994,145.4357095,0.020575172,Turkey,1960
828.2,2246.7,34154.7,9096.5,45497.9,0,0,10260,2.14461763,5.753709684,90.22552998,23.44510369,119.4243434,0.044299073,Turkey,1970
136.7,132.7,157131.5,3325,160589.2,0,0,2500,0.290178179,0.280108375,330.0829006,7.060259453,337.4232685,0.004053291,Turkey,1980
1887.6,5650.4,276759,88710,371119.4,3500000,201080,2253580,3.044131818,9.153148867,454.1786275,144.9177639,608.2495403,0.900133966,Turkey,1990
25.2,145,53146,7500,60791,0,100,23000,0.038178644,0.220901818,80.97949704,11.41411166,92.61451051,0.008245437,Turkey,2000
69.9,512.1,1170.5,3207.5,4890.1,0,9400,174400,0.095266699,0.690131953,1.577977906,4.367332489,6.635442347,0.020792524,Turkey,2010
0,0,0,0,0,0,0,0,0,0,0,0,0,0,Turkmenistan,1990
1.1,0,0,0,0,0,0,0,0.024357839,0,0,0,0,0,Turkmenistan,2000
0,0,0,0,0,0,0,0,0,0,0,0,0,0,Turks and Caicos Islands,1980
0,0,0,0,0,0,0,0,0,0,0,0,0,0,Turks and Caicos Islands,1990
0,0,0,0,0,0,0,0,0,0,0,0,0,0,Turks and Caicos Islands,2000
0,0,0,0,0,0,0,0,0,0,0,0,0,0,Turks and Caicos Islands,2010
0,0,0,0,0,0,0,0,0,0,0,0,0,0,Tuvalu,1970
0,0,0,0,0,0,0,0,0,0,0,0,0,0,Tuvalu,1980
0,0,0,0,0,0,0,0,0,0,0,0,0,0,Tuvalu,1990
0,0,0,0,0,0,0,0,0,0,0,0,0,0,Tuvalu,2000
0,0,0,0,0,0,0,0,0,0,0,0,0,0,Tuvalu,2010
10.4,51,500,0,551,0,0,150,0.125862278,0.617209246,6.05107104,0,6.668280286,0.016202723,Uganda,1960
0,0,0,0,0,0,0,0,0,0,0,0,0,0,Uganda,1970
0,0,200,0,200,0,0,0,0,0,1.236093943,0,1.236093943,0,Uganda,1980
0.7,0,5000,0,5000,0,0,7000,0.003536425,0,25.26017985,0,25.26017985,0.175419672,Uganda,1990
0,0,0,0,0,0,0,0,0,0,0,0,0,0,Uganda,2000
0.4,0,0,59,59,0,0,0,0.001008853,0,0,0.148805771,0.148805771,0,Uganda,2010
0,0,0,0,0,0,0,0,0,0,0,0,0,0,Ukraine,1990
0,0,0,0,0,0,0,0,0,0,0,0,0,0,Ukraine,2000
0,0,0,0,0,0,0,0,0,0,0,0,0,0,Ukraine,2010
0,0,0,0,0,0,0,0,0,0,0,0,0,0,United Arab Emirates,2010
0,0,0,0,0,,,,0,0,0,0,0,,United Kingdom,1950
0,0,0,0,0,0,0,0,0,0,0,0,0,0,United Kingdom,1960
0,0,0,0,0,0,0,0,0,0,0,0,0,0,United Kingdom,1970
0,0,0,0,0,0,0,0,0,0,0,0,0,0,United Kingdom,1980
0,0,0,0,0,0,0,0,0,0,0,0,0,0,United Kingdom,1990
0,0.1,450,0,450.1,0,3000,6000,0,0.000162721,0.732243105,0,0.732405825,0.000193961,United Kingdom,2000
0,0,0,0,0,0,0,0,0,0,0,0,0,0,United Kingdom,2010
70,0,0,8456.4,8456.4,,,,0.080249954,0,0,9.694653051,9.694653051,,United States,1900
0.6,0,0,0,0,,,,0.000583715,0,0,0,0,,United States,1910
2.6,0,0,0,0,,,,0.002195543,0,0,0,0,,United States,1920
11.6,0,0,0,0,,,,0.009022016,0,0,0,0,,United States,1930
18.2,0,0,0,0,,,,0.012559188,0,0,0,0,,United States,1940
4.2,20,0,27,47,,,,0.002381007,0.012249948,0,0.01653743,0.028787378,,United States,1950
19.9,0,0,0,0,0,0,91400,0.010253375,0,0,0,0,0.015494817,United States,1960
6.5,201.1,156,0,357.1,0,3500,56075,0.003074973,0.095125743,0.071206543,0,0.166332285,0.004800683,United States,1970
7.7,393.3,415,1.5,809.8,0,3000,586997,0.003094135,0.157720851,0.171519776,0.000600658,0.329841285,0.01051859,United States,1980
6.5,755.6,334.5,2000,3090.1,0,1045500,3033080,0.002482519,0.288625082,0.128932215,0.762657274,1.18021457,0.041679121,United States,1990
0.3,52.3,3061.9,22.4,3136.6,0,34500,240000,0.000104145,0.018354114,1.074813022,0.007832285,1.100999421,0.002221935,United States,2000
0.1,28,387,0,415,0,20000,93250,0.0000314,0.008815872,0.121830531,0,0.130646403,0.0005117,United States,2010
0,0,0,0,0,0,0,0,0,0,0,0,0,0,United States Virgin Islands,1980
0,0,0,0,0,0,0,0,0,0,0,0,0,0,United States Virgin Islands,1990
0,0,0,0,0,0,0,0,0,0,0,0,0,0,United States Virgin Islands,2000
0,0,0,0,0,0,0,0,0,0,0,0,0,0,United States Virgin Islands,2010
3035.7,6,17748,0,17754,,,,0.462180437,0.000940245,2.713926894,0,2.714867138,,Upper middle income,1900
3947.2,242.9,0,6762,7004.9,,,,0.542840068,0.034682175,0,0.956108304,0.990790479,,Upper middle income,1910
24071.5,207.1,0,15338.9,15546,,,,3.137841667,0.02577374,0,1.923192824,1.948966564,,Upper middle income,1920
6167.4,126.2,386,8157.5,8669.7,,,,0.713046719,0.014536066,0.046293642,0.941737068,1.002566776,,Upper middle income,1930
3578.7,5402.1,23400,10673.5,39475.6,,,,0.380182393,0.577512222,2.450694189,1.17282528,4.201031692,,Upper middle income,1940
968.6,928.8,6103,19509.5,26541.3,,,,0.086147728,0.080507214,0.561096036,1.904632986,2.546236237,,Upper middle income,1950
3075.7,1553.3,79861.3,23187.6,104602.2,0,0,32910,0.22400216,0.111626422,5.690355697,1.614991491,7.416973611,0.012807451,Upper middle income,1960
40761.4,42541.6,988006.6,201102.6,1231650.8,0,0,773275,2.3999162,2.552758519,59.87268971,11.42704595,73.85249419,0.097470755,Upper middle income,1970
2154.6,4728.9,522874.8,75921.5,603525.2,0,0,762035,0.106255299,0.234043423,25.58063787,3.589137705,29.403819,0.045297274,Upper middle income,1980
6988.4,22727.7,1540330.6,403787.8,1966846.1,3500000,227580,3519377.5,0.303249744,0.977828951,64.01086669,16.8315927,81.82028834,0.097745304,Upper middle income,1990
30050.9,58758.4,6152602.5,332450.1,6543811,0,137604.1,10335672.5,1.159201412,2.234419108,233.4837623,12.93570167,248.653883,0.089821483,Upper middle income,2000
1256.8,11464.5,1489871.8,38855.7,1540192,494400,372900,3755256.2,0.044965321,0.413819119,53.1333508,1.40780096,54.95497087,0.017657693,Upper middle income,2010
0,0,0,0,0,0,0,0,0,0,0,0,0,0,Uruguay,1960
0,0,0,0,0,0,0,0,0,0,0,0,0,0,Uruguay,1970
0,0,0,0,0,0,0,0,0,0,0,0,0,0,Uruguay,1980
0,0,0,0,0,0,0,0,0,0,0,0,0,0,Uruguay,1990
0,0,0,0,0,0,0,0,0,0,0,0,0,0,Uruguay,2000
0,0,0,0,0,0,0,0,0,0,0,0,0,0,Uruguay,2010
0.9,0,5000,0,5000,0,0,0,0.004210526,0,23.39181287,0,23.39181287,0,Uzbekistan,1990
0,0,0,0,0,0,0,0,0,0,0,0,0,0,Uzbekistan,2000
1.3,0,0,0,0,0,0,0,0.004486317,0,0,0,0,0,Uzbekistan,2010
0,0,0,0,0,,,,0,0,0,0,0,,Vanuatu,1940
0,0,0,0,0,,,,0,0,0,0,0,,Vanuatu,1950
0,0,0,0,0,0,0,0,0,0,0,0,0,0,Vanuatu,1960
0,0,0,0,0,0,0,0,0,0,0,0,0,0,Vanuatu,1970
0,0,0,0,0,0,0,0,0,0,0,0,0,0,Vanuatu,1980
1.2,10.2,1200,200,1410.2,0,0,0,0.662983425,5.6609163,662.9834254,110.4972376,779.1415793,0,Vanuatu,1990
0,0.3,100,0,100.3,0,0,0,0,0.154639175,51.54639175,0,51.70103093,0,Vanuatu,2000
0,0,0,0,0,0,0,0,0,0,0,0,0,0,Vanuatu,2010
10,0,0,0,0,,,,0.182415177,0,0,0,0,,Venezuela,1950
24,153.6,8000,0,8153.6,0,0,14000,0.231660232,1.482625483,77.22007722,0,78.7027027,0.151351351,Venezuela,1960
0,0,0,0,0,0,0,0,0,0,0,0,0,0,Venezuela,1970
0.3,8.6,30,280,318.6,0,0,100,0.001688049,0.051844873,0.183197135,1.493660855,1.728702863,0.000165586,Venezuela,1980
8,68.3,0,350,418.3,0,0,8100,0.035029337,0.299062965,0,1.532533497,1.831596462,0.009435772,Venezuela,1990
0,0,0,0,0,0,0,0,0,0,0,0,0,0,Venezuela,2000
0,0,0,0,0,0,0,0,0,0,0,0,0,0,Venezuela,2010
0,0,0,0,0,,,,0,0,0,0,0,,Vietnam,1950
0,0,0,0,0,0,0,0,0,0,0,0,0,0,Vietnam,1960
0,0,0,0,0,0,0,0,0,0,0,0,0,0,Vietnam,1970
0,0,0,0,0,0,0,0,0,0,0,0,0,0,Vietnam,1980
0,0,0,0,0,0,0,0,0,0,0,0,0,0,Vietnam,1990
0,0,0,0,0,0,0,0,0,0,0,0,0,0,Vietnam,2000
0,0,0,0,0,0,0,0,0,0,0,0,0,0,Vietnam,2010
0,0,0,0,0,0,0,0,0,0,0,0,0,0,Wallis and Futuna,1960
0,0,0,0,0,0,0,0,0,0,0,0,0,0,Wallis and Futuna,1970
0,0,0,0,0,0,0,0,0,0,0,0,0,0,Wallis and Futuna,1980
0.5,2,0,0,2,0,0,0,3.571428571,14.28571429,0,0,14.28571429,0,Wallis and Futuna,1990
0,0,0,0,0,0,0,0,0,0,0,0,0,0,Wallis and Futuna,2000
0,0,0,0,0,0,0,0,0,0,0,0,0,0,Wallis and Futuna,2010
15314.8,250.8,45438.9,13585.2,59274.9,,,,0.892011267,0.014746755,2.669893583,0.794727352,3.47936769,,World,1900
7031.1,253.4,0,7399.8,7653.2,,,,0.3895106,0.01426372,0,0.4148166,0.429080319,,World,1910
38998.6,10909.9,12946.3,21058.7,44914.9,,,,2.054699399,0.569407747,0.670632186,1.058781364,2.298821297,,World,1920
16666.4,10569.5,3451.4,36799.1,50820,,,,0.7539767,0.471491822,0.164577169,1.679125256,2.315194247,,World,1930
16772.8,6870.9,24411,59007.7,90289.6,,,,0.693810352,0.289860356,1.015852379,2.465000572,3.770713307,,World,1940
2174.8,2307.3,8608.6,47960.6,58876.5,,,,0.079961393,0.082914024,0.315413784,1.812931866,2.211259675,,World,1950
5211.9,5844.5,357229.6,44270.1,407344.2,0,500,485238.9,0.160957103,0.182214364,11.15861933,1.279704463,12.62053816,0.028176221,World,1960
43188.1,48392.4,1421572.2,264348.1,1734312.7,0,13700,1711105.5,1.065790431,1.213381856,35.9995932,6.364628048,43.57760311,0.02890618,World,1970
5837.2,12394.5,2980855.2,263581,3256830.7,0,74100,6031047.2,0.118651887,0.257168377,59.01187412,5.372141958,64.64118445,0.043403255,World,1980
10347.8,34120.6,1920307.1,507799,2462226.7,3500000,1689190,19572631.2,0.184259454,0.604438445,33.02076184,8.706430549,42.33163083,0.065276266,World,1990
45363.5,95408.8,7045848.8,1113092.2,8254349.8,520000,466104.1,17416623.1,0.695515464,1.452083647,105.7702277,17.22699294,124.4493043,0.033101452,World,2000
26748,52858.5,3519072.4,149943.9,3721874.8,1644930,7945880,37059263.1,0.382284012,0.745350141,48.34617368,2.11787325,51.20939707,0.050439158,World,2010
1,3.9,0,4000,4003.9,0,0,0,0.00812876,0.031702162,0,32.51503821,32.54674037,0,Yemen,1990
0,0,0,0,0,0,0,0,0,0,0,0,0,0,Yemen,2000
0,0,0,0,0,0,0,0,0,0,0,0,0,0,Yemen,2010
1.9,0,0,0,0,,,,0,0,0,0,0,,Yugoslavia,1940
0,0,0,0,0,,,,0,0,0,0,0,,Yugoslavia,1950
109.3,451.6,23140,9040,32631.6,0,0,110860,0,0,0,0,0,0,Yugoslavia,1960
12.1,18,30000,1000,31018,0,0,45000,0,0,0,0,0,0,Yugoslavia,1970
1.2,16,650,0,666,0,0,500,0,0,0,0,0,0,Yugoslavia,1980
0,0,0,0,0,0,0,0,0,0,0,0,0,0,Yugoslavia,1990
0,0,0,0,0,0,0,0,0,0,0,0,0,0,Zambia,1970
0,0,0,0,0,0,0,0,0,0,0,0,0,0,Zambia,1980
0,0,0,0,0,0,0,0,0,0,0,0,0,0,Zambia,1990
0,0,0,0,0,0,0,0,0,0,0,0,0,0,Zambia,2000
0,0,0,0,0,0,0,0,0,0,0,0,0,0,Zambia,2010
0,0,0,0,0,0,0,0,0,0,0,0,0,0,Zimbabwe,1970
0,0,0,0,0,0,0,0,0,0,0,0,0,0,Zimbabwe,1980
0,0,0,0,0,0,0,0,0,0,0,0,0,0,Zimbabwe,1990
0,0,0,0,0,0,0,0,0,0,0,0,0,0,Zimbabwe,2000
0,0,0,0,0,0,0,0,0,0,0,0,0,0,Zimbabwe,2010
